{
  "_fv": 39,
  "_type": "achievement",
  "definition": {
    "achievementName": "Enemy Expansion",
    "achievementDescription": "Expand enemies!",
    "achievementIcon": {
      "value": "Blocks.AIR"
    },
    "background": "Default",
    "disableDisplay": false,
    "showPopup": false,
    "announceToChat": false,
    "hideIfNotCompleted": false,
    "rewardLoot": [],
    "rewardRecipes": [],
    "rewardFunction": "No function",
    "rewardXP": 0,
    "achievementType": "task",
    "parent": {
      "value": "No parent: root"
    },
    "triggerxml": "<xml xmlns=\"https://developers.google.com/blockly/xml\"><block type=\"custom_trigger\" x=\"75\" y=\"31\"><next><block type=\"advancement_trigger\" deletable=\"false\"></block></next></block></xml>"
  }
}