{
  "_fv": 39,
  "_type": "achievement",
  "definition": {
    "achievementName": "Butterfly Collection",
    "achievementDescription": "Catch a Flutterfly in a Bottle!",
    "achievementIcon": {
      "value": "CUSTOM:BottledFlutterfly"
    },
    "background": "Default",
    "disableDisplay": false,
    "showPopup": true,
    "announceToChat": true,
    "hideIfNotCompleted": false,
    "rewardLoot": [],
    "rewardRecipes": [],
    "rewardFunction": "No function",
    "rewardXP": 0,
    "achievementType": "task",
    "parent": {
      "value": "CUSTOM:EnemyExpansionAdvancement"
    },
    "triggerxml": "<xml xmlns=\"https://developers.google.com/blockly/xml\"><block type=\"custom_trigger\" x=\"79\" y=\"150\"><next><block type=\"advancement_trigger\" deletable=\"false\"></block></next></block></xml>"
  }
}