{
  "_fv": 39,
  "_type": "achievement",
  "definition": {
    "achievementName": "Freedom!",
    "achievementDescription": "Release a Villager from their Goblified curse.",
    "achievementIcon": {
      "value": "Items.EXPERIENCE_BOTTLE"
    },
    "background": "Default",
    "disableDisplay": false,
    "showPopup": true,
    "announceToChat": true,
    "hideIfNotCompleted": false,
    "rewardLoot": [],
    "rewardRecipes": [],
    "rewardFunction": "No function",
    "rewardXP": 0,
    "achievementType": "goal",
    "parent": {
      "value": "CUSTOM:EnemyExpansionAdvancement"
    },
    "triggerxml": "<xml xmlns=\"https://developers.google.com/blockly/xml\"><block type=\"custom_trigger\" x=\"41\" y=\"44\"><next><block type=\"advancement_trigger\" deletable=\"false\"></block></next></block></xml>"
  }
}