{
  "_fv": 39,
  "_type": "rangeditem",
  "definition": {
    "renderType": 0,
    "texture": "healing_eye",
    "customModelName": "Normal",
    "name": "Healing Eye",
    "specialInfo": [],
    "creativeTab": {
      "value": "COMBAT"
    },
    "stackSize": 16,
    "ammoItem": {
      "value": "CUSTOM:HealingEye"
    },
    "shootConstantly": false,
    "usageCount": 0,
    "actionSound": {
      "value": "entity.egg.throw"
    },
    "hasGlow": false,
    "animation": "none",
    "enableMeleeDamage": false,
    "damageVsEntity": 0.0,
    "bulletPower": 0.6,
    "bulletDamage": 0.0,
    "bulletKnockback": 0,
    "bulletParticles": true,
    "bulletIgnitesFire": false,
    "bulletItemTexture": {
      "value": "CUSTOM:HealingEye"
    },
    "bulletModel": "Default",
    "customBulletModelTexture": "",
    "onBulletHitsEntity": {
      "name": "HealingEyeHeals"
    }
  }
}