{
  "_fv": 39,
  "_type": "animatedentity",
  "definition": {
    "mobName": "Huntsman",
    "mobLabel": "",
    "mobModelTexture": "huntsman.png",
    "mobModelGlowTexture": "",
    "visualScale": {
      "fixedValue": 1.0
    },
    "boundingBoxScale": {
      "fixedValue": 1.0
    },
    "modelWidth": 0.6,
    "modelHeight": 2.3,
    "modelShadowSize": 0.5,
    "mountedYOffset": 0.0,
    "hasSpawnEgg": true,
    "spawnEggBaseColor": {
      "value": -8038858,
      "falpha": 0.0
    },
    "spawnEggDotColor": {
      "value": -3421751,
      "falpha": 0.0
    },
    "creativeTab": {
      "value": "MISC"
    },
    "isBoss": false,
    "bossBarColor": "PINK",
    "bossBarType": "PROGRESS",
    "equipmentMainHand": {
      "value": ""
    },
    "equipmentOffHand": {
      "value": ""
    },
    "equipmentHelmet": {
      "value": ""
    },
    "equipmentBody": {
      "value": ""
    },
    "equipmentLeggings": {
      "value": ""
    },
    "equipmentBoots": {
      "value": ""
    },
    "mobBehaviourType": "Mob",
    "mobCreatureType": "UNDEAD",
    "attackStrength": 4,
    "attackKnockback": 0.0,
    "knockbackResistance": 0.0,
    "movementSpeed": 0.4,
    "armorBaseValue": 8.0,
    "trackingRange": 64,
    "followRange": 16,
    "health": 36,
    "xpAmount": 0,
    "waterMob": false,
    "flyingMob": false,
    "guiBoundTo": "<NONE>",
    "inventorySize": 9,
    "inventoryStackSize": 64,
    "deathTime": 20,
    "lerp": 4,
    "disableCollisions": false,
    "ridable": false,
    "canControlForward": false,
    "canControlStrafe": false,
    "immuneToFire": false,
    "immuneToArrows": false,
    "immuneToFallDamage": false,
    "immuneToCactus": false,
    "immuneToDrowning": false,
    "immuneToLightning": false,
    "immuneToPotions": false,
    "immuneToPlayer": false,
    "immuneToExplosion": false,
    "immuneToTrident": false,
    "immuneToAnvil": false,
    "immuneToWither": false,
    "immuneToDragonBreath": false,
    "mobDrop": {
      "value": ""
    },
    "livingSound": {
      "value": "entity.skeleton.ambient"
    },
    "hurtSound": {
      "value": "entity.skeleton.hurt"
    },
    "deathSound": {
      "value": "entity.skeleton.death"
    },
    "stepSound": {
      "value": "entity.skeleton.step"
    },
    "whenMobIsHurt": {
      "name": "HuntsmanHurt"
    },
    "hasAI": true,
    "aiBase": "Skeleton",
    "aixml": "<xml xmlns=\"https://developers.google.com/blockly/xml\"><block type=\"aitasks_container\" deletable=\"false\" x=\"40\" y=\"40\"></block></xml>",
    "model": "huntsman.geo.json",
    "groupName": "head",
    "animation1": "idle",
    "animation2": "run",
    "animation3": "",
    "animation4": "punch",
    "animation5": "",
    "animation6": "",
    "animation7": "",
    "animation8": "",
    "animation9": "",
    "animation10": "",
    "enable2": true,
    "enable3": false,
    "enable4": true,
    "enable5": false,
    "enable6": false,
    "enable7": false,
    "enable8": false,
    "enable9": false,
    "enable10": false,
    "breedable": false,
    "tameable": false,
    "disableDeathRotation": false,
    "headMovement": true,
    "eyeHeight": false,
    "breedTriggerItems": [],
    "ranged": false,
    "rangedAttackItem": {
      "value": ""
    },
    "rangedItemType": "Default item",
    "rangedAttackInterval": 20,
    "rangedAttackRadius": 10.0,
    "height": 1.0,
    "spawnThisMob": true,
    "doesDespawnWhenIdle": true,
    "spawningProbability": 50,
    "mobSpawningType": "monster",
    "minNumberOfMobsPerGroup": 1,
    "maxNumberOfMobsPerGroup": 1,
    "restrictionBiomes": [
      {
        "value": "plains"
      },
      {
        "value": "birch_forest"
      },
      {
        "value": "birch_forest_hills"
      },
      {
        "value": "roofed_forest"
      },
      {
        "value": "mutated_roofed_forest"
      },
      {
        "value": "mutated_forest"
      },
      {
        "value": "forest"
      },
      {
        "value": "forest_hills"
      },
      {
        "value": "mutated_birch_forest"
      },
      {
        "value": "extreme_hills_with_trees"
      },
      {
        "value": "bamboo_jungle"
      },
      {
        "value": "bamboo_jungle_hills"
      },
      {
        "value": "jungle"
      },
      {
        "value": "jungle_hills"
      },
      {
        "value": "mutated_jungle"
      },
      {
        "value": "mutated_jungle_edge"
      },
      {
        "value": "jungle_edge"
      },
      {
        "value": "cold_beach"
      },
      {
        "value": "snowy_mountains"
      },
      {
        "value": "snowy_tundra"
      },
      {
        "value": "taiga_cold"
      },
      {
        "value": "taiga_cold_hills"
      },
      {
        "value": "mutated_taiga_cold"
      }
    ],
    "spawnInDungeons": false
  }
}