{
  "_fv": 39,
  "_type": "achievement",
  "definition": {
    "achievementName": "Regicide",
    "achievementDescription": "Kill a Bodiless Silverqueen!",
    "achievementIcon": {
      "value": "CUSTOM:Silverhead.helmet"
    },
    "background": "Default",
    "disableDisplay": false,
    "showPopup": true,
    "announceToChat": true,
    "hideIfNotCompleted": false,
    "rewardLoot": [],
    "rewardRecipes": [],
    "rewardFunction": "No function",
    "rewardXP": 0,
    "achievementType": "goal",
    "parent": {
      "value": "adventure/kill_a_mob"
    },
    "triggerxml": "<xml xmlns=\"https://developers.google.com/blockly/xml\"><block type=\"custom_trigger\" x=\"29\" y=\"55\"><next><block type=\"advancement_trigger\" deletable=\"false\"></block></next></block></xml>"
  }
}