{
  "_fv": 39,
  "_type": "achievement",
  "definition": {
    "achievementName": "Trolled!",
    "achievementDescription": "Petrify a Troll",
    "achievementIcon": {
      "value": "CUSTOM:Trollface"
    },
    "background": "Default",
    "disableDisplay": false,
    "showPopup": true,
    "announceToChat": true,
    "hideIfNotCompleted": false,
    "rewardLoot": [],
    "rewardRecipes": [],
    "rewardFunction": "No function",
    "rewardXP": 0,
    "achievementType": "goal",
    "parent": {
      "value": "CUSTOM:EnemyExpansionAdvancement"
    },
    "triggerxml": "<xml xmlns=\"https://developers.google.com/blockly/xml\"><block type=\"custom_trigger\" x=\"39\" y=\"36\"><next><block type=\"advancement_trigger\" deletable=\"false\"></block></next></block></xml>"
  }
}