{
  "_fv": 39,
  "_type": "animatedentity",
  "definition": {
    "mobName": "Enraged Troll",
    "mobLabel": "",
    "mobModelTexture": "troll_enraged.png",
    "mobModelGlowTexture": "troll_enraged_glow.png",
    "visualScale": {
      "fixedValue": 1.0
    },
    "boundingBoxScale": {
      "fixedValue": 1.0
    },
    "modelWidth": 0.6,
    "modelHeight": 1.8,
    "modelShadowSize": 0.5,
    "mountedYOffset": 0.0,
    "hasSpawnEgg": true,
    "spawnEggBaseColor": {
      "value": -4020081,
      "falpha": 0.0
    },
    "spawnEggDotColor": {
      "value": -2902212,
      "falpha": 0.0
    },
    "creativeTab": {
      "value": "MISC"
    },
    "isBoss": false,
    "bossBarColor": "PINK",
    "bossBarType": "PROGRESS",
    "equipmentMainHand": {
      "value": ""
    },
    "equipmentOffHand": {
      "value": ""
    },
    "equipmentHelmet": {
      "value": ""
    },
    "equipmentBody": {
      "value": ""
    },
    "equipmentLeggings": {
      "value": ""
    },
    "equipmentBoots": {
      "value": ""
    },
    "mobBehaviourType": "Mob",
    "mobCreatureType": "UNDEFINED",
    "attackStrength": 20,
    "attackKnockback": 2.0,
    "knockbackResistance": 1.0,
    "movementSpeed": 0.4,
    "armorBaseValue": 0.0,
    "trackingRange": 64,
    "followRange": 28,
    "health": 50,
    "xpAmount": 20,
    "waterMob": false,
    "flyingMob": false,
    "guiBoundTo": "<NONE>",
    "inventorySize": 9,
    "inventoryStackSize": 64,
    "deathTime": 20,
    "lerp": 4,
    "disableCollisions": false,
    "ridable": false,
    "canControlForward": false,
    "canControlStrafe": false,
    "immuneToFire": true,
    "immuneToArrows": false,
    "immuneToFallDamage": true,
    "immuneToCactus": true,
    "immuneToDrowning": true,
    "immuneToLightning": false,
    "immuneToPotions": false,
    "immuneToPlayer": false,
    "immuneToExplosion": false,
    "immuneToTrident": false,
    "immuneToAnvil": false,
    "immuneToWither": false,
    "immuneToDragonBreath": false,
    "mobDrop": {
      "value": ""
    },
    "livingSound": {
      "value": "CUSTOM:troll.idle"
    },
    "hurtSound": {
      "value": "CUSTOM:troll.hurt"
    },
    "deathSound": {
      "value": "CUSTOM:troll.death"
    },
    "stepSound": {
      "value": ""
    },
    "whenMobIsHurt": {
      "name": "TrollEnragedHurt"
    },
    "onInitialSpawn": {
      "name": "TrollsSpawn"
    },
    "hasAI": true,
    "aiBase": "(none)",
    "aixml": "<xml xmlns=\"https://developers.google.com/blockly/xml\"><block type=\"aitasks_container\" deletable=\"false\" x=\"40\" y=\"40\"><next><block type=\"attack_on_collide\"><field name=\"speed\">1.2</field><field name=\"longmemory\">FALSE</field><field name=\"condition\">null,null</field><next><block type=\"attack_action\"><field name=\"callhelp\">FALSE</field><field name=\"condition\">null,null</field><next><block type=\"wander\"><field name=\"speed\">0.8</field><field name=\"condition\">null,null</field><next><block type=\"swim_in_water\"><field name=\"condition\">null,null</field><next><block type=\"look_around\"><field name=\"condition\">null,null</field><next><block type=\"attack_entity\"><field name=\"insight\">FALSE</field><field name=\"nearby\">FALSE</field><field name=\"entity\">EntityZombie</field><field name=\"condition\">null,null</field><next><block type=\"attack_entity\"><field name=\"insight\">FALSE</field><field name=\"nearby\">FALSE</field><field name=\"entity\">EntityPlayer</field><field name=\"condition\">null,null</field></block></next></block></next></block></next></block></next></block></next></block></next></block></next></block></xml>",
    "model": "trollenraged.geo.json",
    "groupName": "head",
    "animation1": "idle",
    "animation2": "walk",
    "animation3": "",
    "animation4": "",
    "animation5": "",
    "animation6": "",
    "animation7": "",
    "animation8": "",
    "animation9": "",
    "animation10": "",
    "enable2": true,
    "enable3": false,
    "enable4": false,
    "enable5": false,
    "enable6": false,
    "enable7": false,
    "enable8": false,
    "enable9": false,
    "enable10": false,
    "breedable": false,
    "tameable": false,
    "disableDeathRotation": false,
    "headMovement": true,
    "eyeHeight": false,
    "breedTriggerItems": [],
    "ranged": false,
    "rangedAttackItem": {
      "value": ""
    },
    "rangedItemType": "Default item",
    "rangedAttackInterval": 20,
    "rangedAttackRadius": 10.0,
    "height": 1.0,
    "spawnThisMob": false,
    "doesDespawnWhenIdle": true,
    "spawningCondition": {
      "name": "IfBelowY50"
    },
    "spawningProbability": 1,
    "mobSpawningType": "monster",
    "minNumberOfMobsPerGroup": 1,
    "maxNumberOfMobsPerGroup": 1,
    "restrictionBiomes": [],
    "spawnInDungeons": false
  }
}