{
  "_fv": 39,
  "_type": "animatedentity",
  "definition": {
    "mobName": "Vampire",
    "mobLabel": "",
    "mobModelTexture": "vampire.png",
    "mobModelGlowTexture": "vampire_glow.png",
    "visualScale": {
      "fixedValue": 1.0
    },
    "boundingBoxScale": {
      "fixedValue": 1.0
    },
    "modelWidth": 0.7,
    "modelHeight": 1.95,
    "modelShadowSize": 0.5,
    "mountedYOffset": 0.0,
    "hasSpawnEgg": true,
    "spawnEggBaseColor": {
      "value": -12699048,
      "falpha": 0.0
    },
    "spawnEggDotColor": {
      "value": -9014373,
      "falpha": 0.0
    },
    "creativeTab": {
      "value": "MISC"
    },
    "isBoss": false,
    "bossBarColor": "PINK",
    "bossBarType": "PROGRESS",
    "equipmentMainHand": {
      "value": ""
    },
    "equipmentOffHand": {
      "value": ""
    },
    "equipmentHelmet": {
      "value": ""
    },
    "equipmentBody": {
      "value": ""
    },
    "equipmentLeggings": {
      "value": ""
    },
    "equipmentBoots": {
      "value": ""
    },
    "mobBehaviourType": "Mob",
    "mobCreatureType": "UNDEAD",
    "attackStrength": 6,
    "attackKnockback": 1.0,
    "knockbackResistance": 0.0,
    "movementSpeed": 0.34,
    "armorBaseValue": 0.0,
    "trackingRange": 64,
    "followRange": 12,
    "health": 30,
    "xpAmount": 5,
    "waterMob": false,
    "flyingMob": false,
    "guiBoundTo": "<NONE>",
    "inventorySize": 9,
    "inventoryStackSize": 64,
    "deathTime": 20,
    "lerp": 4,
    "disableCollisions": false,
    "ridable": false,
    "canControlForward": false,
    "canControlStrafe": false,
    "immuneToFire": false,
    "immuneToArrows": false,
    "immuneToFallDamage": true,
    "immuneToCactus": false,
    "immuneToDrowning": false,
    "immuneToLightning": false,
    "immuneToPotions": false,
    "immuneToPlayer": false,
    "immuneToExplosion": false,
    "immuneToTrident": false,
    "immuneToAnvil": false,
    "immuneToWither": true,
    "immuneToDragonBreath": false,
    "mobDrop": {
      "value": ""
    },
    "livingSound": {
      "value": "entity.phantom.ambient"
    },
    "hurtSound": {
      "value": "entity.phantom.hurt"
    },
    "deathSound": {
      "value": "entity.phantom.death"
    },
    "stepSound": {
      "value": "entity.zombie.step"
    },
    "whenMobFalls": {
      "name": "VampireLands"
    },
    "whenMobIsHurt": {
      "name": "VampireHurt"
    },
    "onMobTickUpdate": {
      "name": "VampireTick"
    },
    "onInitialSpawn": {
      "name": "VampireSpawn"
    },
    "hasAI": true,
    "aiBase": "(none)",
    "aixml": "<xml xmlns=\"https://developers.google.com/blockly/xml\"><block type=\"aitasks_container\" deletable=\"false\" x=\"40\" y=\"40\"><next><block type=\"avoid_entity\"><field name=\"entity\">CUSTOM:GoblinFear</field><field name=\"radius\">12</field><field name=\"farspeed\">1.5</field><field name=\"nearspeed\">1.8</field><field name=\"condition\">null,null</field><next><block type=\"attack_on_collide\"><field name=\"speed\">1.2</field><field name=\"longmemory\">FALSE</field><field name=\"condition\">null,null</field><next><block type=\"attack_action\"><field name=\"callhelp\">TRUE</field><field name=\"condition\">null,null</field><next><block type=\"wander\"><field name=\"speed\">0.6</field><field name=\"condition\">null,null</field><next><block type=\"attack_action\"><field name=\"callhelp\">FALSE</field><field name=\"condition\">null,null</field><next><block type=\"look_around\"><field name=\"condition\">null,null</field><next><block type=\"swim_in_water\"><field name=\"condition\">null,null</field><next><block type=\"attack_entity\"><field name=\"insight\">FALSE</field><field name=\"nearby\">FALSE</field><field name=\"entity\">EntityVillager</field><field name=\"condition\">null,null</field><next><block type=\"attack_entity\"><field name=\"insight\">FALSE</field><field name=\"nearby\">FALSE</field><field name=\"entity\">EntityZombie</field><field name=\"condition\">null,null</field><next><block type=\"attack_entity\"><field name=\"insight\">FALSE</field><field name=\"nearby\">FALSE</field><field name=\"entity\">EntityPlayer</field><field name=\"condition\">null,null</field></block></next></block></next></block></next></block></next></block></next></block></next></block></next></block></next></block></next></block></next></block></xml>",
    "model": "vampire.geo.json",
    "groupName": "head",
    "animation1": "idle",
    "animation2": "walk",
    "animation3": "",
    "animation4": "",
    "animation5": "",
    "animation6": "",
    "animation7": "",
    "animation8": "",
    "animation9": "",
    "animation10": "",
    "enable2": true,
    "enable3": false,
    "enable4": false,
    "enable5": false,
    "enable6": false,
    "enable7": false,
    "enable8": false,
    "enable9": false,
    "enable10": false,
    "breedable": false,
    "tameable": false,
    "disableDeathRotation": false,
    "headMovement": true,
    "eyeHeight": false,
    "breedTriggerItems": [],
    "ranged": false,
    "rangedAttackItem": {
      "value": ""
    },
    "rangedItemType": "Default item",
    "rangedAttackInterval": 20,
    "rangedAttackRadius": 10.0,
    "height": 1.0,
    "spawnThisMob": true,
    "doesDespawnWhenIdle": true,
    "spawningCondition": {
      "name": "IfBelowY50"
    },
    "spawningProbability": 20,
    "mobSpawningType": "monster",
    "minNumberOfMobsPerGroup": 1,
    "maxNumberOfMobsPerGroup": 1,
    "restrictionBiomes": [
      {
        "value": "birch_forest"
      },
      {
        "value": "birch_forest_hills"
      },
      {
        "value": "roofed_forest"
      },
      {
        "value": "mutated_roofed_forest"
      },
      {
        "value": "mutated_forest"
      },
      {
        "value": "forest"
      },
      {
        "value": "forest_hills"
      },
      {
        "value": "mutated_birch_forest"
      },
      {
        "value": "extreme_hills_with_trees"
      },
      {
        "value": "plains"
      },
      {
        "value": "snowy_tundra"
      },
      {
        "value": "mutated_plains"
      },
      {
        "value": "badlands"
      },
      {
        "value": "badlands_plateau"
      },
      {
        "value": "bamboo_jungle"
      },
      {
        "value": "bamboo_jungle_hills"
      },
      {
        "value": "beaches"
      },
      {
        "value": "cold_ocean"
      },
      {
        "value": "deep_cold_ocean"
      },
      {
        "value": "deep_frozen_ocean"
      },
      {
        "value": "deep_lukewarm_ocean"
      },
      {
        "value": "deep_ocean"
      },
      {
        "value": "deep_warm_ocean"
      },
      {
        "value": "desert"
      },
      {
        "value": "desert_hills"
      },
      {
        "value": "mutated_desert"
      },
      {
        "value": "dripstone_caves"
      },
      {
        "value": "mutated_mesa"
      },
      {
        "value": "frozen_ocean"
      },
      {
        "value": "frozen_peaks"
      },
      {
        "value": "frozen_river"
      },
      {
        "value": "grove"
      },
      {
        "value": "mutated_ice_flats"
      },
      {
        "value": "jagged_peaks"
      },
      {
        "value": "jungle"
      },
      {
        "value": "jungle_hills"
      },
      {
        "value": "lukewarm_ocean"
      },
      {
        "value": "lush_caves"
      },
      {
        "value": "mangrove_swamp"
      },
      {
        "value": "meadow"
      },
      {
        "value": "mutated_mesa_clear_rock"
      },
      {
        "value": "mutated_extreme_hills_with_trees"
      },
      {
        "value": "mutated_jungle"
      },
      {
        "value": "mutated_jungle_edge"
      },
      {
        "value": "mutated_mesa_rock"
      },
      {
        "value": "smaller_extreme_hills"
      },
      {
        "value": "mushroom_field_shore"
      },
      {
        "value": "mushroom_fields"
      },
      {
        "value": "ocean"
      },
      {
        "value": "mutated_birch_forest_hills"
      },
      {
        "value": "redwood_taiga"
      },
      {
        "value": "redwood_taiga_hills"
      },
      {
        "value": "mutated_redwood_taiga"
      },
      {
        "value": "mutated_redwood_taiga_hills"
      },
      {
        "value": "river"
      },
      {
        "value": "savanna"
      },
      {
        "value": "savanna_rock"
      },
      {
        "value": "mutated_savanna_rock"
      },
      {
        "value": "snowy_slopes"
      },
      {
        "value": "cold_beach"
      },
      {
        "value": "snowy_mountains"
      },
      {
        "value": "taiga_cold"
      },
      {
        "value": "taiga_cold_hills"
      },
      {
        "value": "mutated_taiga_cold"
      },
      {
        "value": "jungle_edge"
      },
      {
        "value": "stony_peaks"
      },
      {
        "value": "stone_beach"
      },
      {
        "value": "swamp"
      },
      {
        "value": "mutated_swampland"
      },
      {
        "value": "taiga"
      },
      {
        "value": "taiga_hills"
      },
      {
        "value": "mutated_taiga"
      },
      {
        "value": "warm_ocean"
      },
      {
        "value": "mutated_extreme_hills"
      },
      {
        "value": "mountains"
      },
      {
        "value": "mutated_savanna"
      },
      {
        "value": "wooded_badlands_plateau"
      }
    ],
    "spawnInDungeons": false
  }
}