{
  "_fv": 39,
  "_type": "achievement",
  "definition": {
    "achievementName": "Vampire Slayer",
    "achievementDescription": "Slay a Vampire!",
    "achievementIcon": {
      "value": "CUSTOM:Headbiter.helmet"
    },
    "background": "Default",
    "disableDisplay": false,
    "showPopup": true,
    "announceToChat": true,
    "hideIfNotCompleted": false,
    "rewardLoot": [],
    "rewardRecipes": [],
    "rewardFunction": "No function",
    "rewardXP": 0,
    "achievementType": "task",
    "parent": {
      "value": "adventure/kill_a_mob"
    },
    "triggerxml": "<xml xmlns=\"https://developers.google.com/blockly/xml\"><block type=\"custom_trigger\" x=\"76\" y=\"131\"><next><block type=\"advancement_trigger\" deletable=\"false\"></block></next></block></xml>"
  }
}