{
  "_fv": 39,
  "_type": "rangeditem",
  "definition": {
    "renderType": 0,
    "texture": "wasp_thorax",
    "customModelName": "Normal",
    "name": "Wasp Thorax",
    "specialInfo": [],
    "creativeTab": {
      "value": "COMBAT"
    },
    "stackSize": 16,
    "ammoItem": {
      "value": "CUSTOM:WaspThorax"
    },
    "shootConstantly": false,
    "usageCount": 0,
    "actionSound": {
      "value": "entity.egg.throw"
    },
    "hasGlow": false,
    "animation": "none",
    "enableMeleeDamage": false,
    "damageVsEntity": 0.0,
    "onRangedItemUsed": {
      "name": "UseThorax"
    },
    "bulletPower": 1.0,
    "bulletDamage": 2.0,
    "bulletKnockback": 0,
    "bulletParticles": true,
    "bulletIgnitesFire": false,
    "bulletItemTexture": {
      "value": "CUSTOM:WaspThorax"
    },
    "bulletModel": "Default",
    "customBulletModelTexture": "",
    "onBulletHitsBlock": {
      "name": "WaspThoraxExplode"
    },
    "onBulletHitsEntity": {
      "name": "WaspThoraxExplode"
    }
  }
}