{
  "_fv": 60,
  "_type": "animatedentity",
  "definition": {
    "mobName": "Drone",
    "mobLabel": "",
    "mobModelTexture": "wasp_drone.png",
    "mobModelGlowTexture": "",
    "visualScale": {
      "fixedValue": 1.0
    },
    "boundingBoxScale": {
      "fixedValue": 1.0
    },
    "entityDataEntries": [],
    "modelWidth": 0.45,
    "modelHeight": 1.6,
    "modelShadowSize": 0.5,
    "mountedYOffset": 0.0,
    "stepHeight": 0.6,
    "hasSpawnEgg": true,
    "spawnEggBaseColor": {
      "value": -4821945,
      "falpha": 0.0
    },
    "spawnEggDotColor": {
      "value": -830911,
      "falpha": 0.0
    },
    "creativeTab": {
      "value": "MISC"
    },
    "isBoss": false,
    "bossBarColor": "PINK",
    "bossBarType": "PROGRESS",
    "equipmentMainHand": {
      "value": ""
    },
    "equipmentOffHand": {
      "value": ""
    },
    "equipmentHelmet": {
      "value": ""
    },
    "equipmentBody": {
      "value": ""
    },
    "equipmentLeggings": {
      "value": ""
    },
    "equipmentBoots": {
      "value": ""
    },
    "mobBehaviourType": "Mob",
    "mobCreatureType": "ARTHROPOD",
    "attackStrength": 3,
    "attackKnockback": 1.0,
    "knockbackResistance": 0.0,
    "movementSpeed": 0.34,
    "armorBaseValue": 2.0,
    "trackingRange": 64,
    "followRange": 20,
    "health": 16,
    "xpAmount": 0,
    "waterMob": false,
    "flyingMob": false,
    "guiBoundTo": "<NONE>",
    "inventorySize": 9,
    "inventoryStackSize": 64,
    "deathTime": 20,
    "lerp": 0,
    "disableCollisions": false,
    "ridable": false,
    "canControlForward": false,
    "canControlStrafe": false,
    "immuneToFire": false,
    "immuneToArrows": false,
    "immuneToFallDamage": false,
    "immuneToCactus": false,
    "immuneToDrowning": false,
    "immuneToLightning": false,
    "immuneToPotions": false,
    "immuneToPlayer": false,
    "immuneToExplosion": false,
    "immuneToTrident": false,
    "immuneToAnvil": false,
    "immuneToWither": false,
    "immuneToDragonBreath": false,
    "mobDrop": {
      "value": ""
    },
    "livingSound": {
      "value": "entity.bee.loop"
    },
    "hurtSound": {
      "value": "entity.bee.hurt"
    },
    "deathSound": {
      "value": "entity.bee.death"
    },
    "stepSound": {
      "value": ""
    },
    "onInitialSpawn": {
      "name": "DroneSpawn"
    },
    "hasAI": true,
    "aiBase": "(none)",
    "aixml": "<xml xmlns=\"https://developers.google.com/blockly/xml\"><block type=\"aitasks_container\" deletable=\"false\" x=\"40\" y=\"40\"><next><block type=\"attack_on_collide\"><field name=\"speed\">1.2</field><field name=\"longmemory\">FALSE</field><field name=\"condition\">null,null</field><next><block type=\"look_around\"><field name=\"condition\">null,null</field><next><block type=\"attack_action\"><field name=\"callhelp\">TRUE</field><field name=\"condition\">null,null</field><next><block type=\"attack_entity\"><field name=\"insight\">FALSE</field><field name=\"nearby\">FALSE</field><field name=\"entity\">EntityMonster</field><field name=\"condition\">null,null</field></block></next></block></next></block></next></block></next></block></xml>",
    "model": "drone.geo.json",
    "groupName": "head",
    "animation1": "idle",
    "animation2": "",
    "animation3": "",
    "animation4": "attack",
    "animation5": "",
    "animation6": "",
    "animation7": "",
    "animation8": "idle",
    "animation9": "",
    "animation10": "",
    "enable2": true,
    "enable3": false,
    "enable4": true,
    "enable5": false,
    "enable6": false,
    "enable7": false,
    "enable8": true,
    "enable9": false,
    "enable10": false,
    "breedable": false,
    "tameable": false,
    "disableDeathRotation": false,
    "headMovement": true,
    "eyeHeight": false,
    "breedTriggerItems": [],
    "ranged": false,
    "rangedAttackItem": {
      "value": ""
    },
    "rangedItemType": "Default item",
    "rangedAttackInterval": 20,
    "rangedAttackRadius": 10.0,
    "height": 1.0,
    "spawnThisMob": false,
    "doesDespawnWhenIdle": true,
    "spawningProbability": 1,
    "mobSpawningType": "creature",
    "minNumberOfMobsPerGroup": 1,
    "maxNumberOfMobsPerGroup": 1,
    "restrictionBiomes": [],
    "spawnInDungeons": false
  }
}