{
  "_fv": 60,
  "_type": "animatedentity",
  "definition": {
    "mobName": "Goblin Thief",
    "mobLabel": "",
    "mobModelTexture": "goblin_thief.png",
    "mobModelGlowTexture": "goblin_thief_glow.png",
    "visualScale": {
      "fixedValue": 1.0
    },
    "boundingBoxScale": {
      "fixedValue": 1.0
    },
    "entityDataEntries": [],
    "modelWidth": 0.6,
    "modelHeight": 1.8,
    "modelShadowSize": 0.5,
    "mountedYOffset": 0.0,
    "stepHeight": 0.6,
    "hasSpawnEgg": true,
    "spawnEggBaseColor": {
      "value": -12038042,
      "falpha": 0.0
    },
    "spawnEggDotColor": {
      "value": -11433587,
      "falpha": 0.0
    },
    "creativeTab": {
      "value": "MISC"
    },
    "isBoss": false,
    "bossBarColor": "PINK",
    "bossBarType": "PROGRESS",
    "equipmentMainHand": {
      "value": ""
    },
    "equipmentOffHand": {
      "value": ""
    },
    "equipmentHelmet": {
      "value": ""
    },
    "equipmentBody": {
      "value": ""
    },
    "equipmentLeggings": {
      "value": ""
    },
    "equipmentBoots": {
      "value": ""
    },
    "mobBehaviourType": "Mob",
    "mobCreatureType": "UNDEFINED",
    "attackStrength": 5,
    "attackKnockback": 1.0,
    "knockbackResistance": 0.0,
    "movementSpeed": 0.25,
    "armorBaseValue": 5.0,
    "trackingRange": 64,
    "followRange": 20,
    "health": 20,
    "xpAmount": 10,
    "waterMob": false,
    "flyingMob": false,
    "guiBoundTo": "<NONE>",
    "inventorySize": 9,
    "inventoryStackSize": 64,
    "deathTime": 20,
    "lerp": 4,
    "disableCollisions": false,
    "ridable": false,
    "canControlForward": false,
    "canControlStrafe": false,
    "immuneToFire": false,
    "immuneToArrows": false,
    "immuneToFallDamage": false,
    "immuneToCactus": false,
    "immuneToDrowning": false,
    "immuneToLightning": false,
    "immuneToPotions": false,
    "immuneToPlayer": false,
    "immuneToExplosion": false,
    "immuneToTrident": false,
    "immuneToAnvil": false,
    "immuneToWither": false,
    "immuneToDragonBreath": false,
    "mobDrop": {
      "value": ""
    },
    "livingSound": {
      "value": "entity.parrot.imitate.witch"
    },
    "hurtSound": {
      "value": "entity.witch.hurt"
    },
    "deathSound": {
      "value": "entity.witch.death"
    },
    "stepSound": {
      "value": "entity.frog.step"
    },
    "whenMobIsHurt": {
      "name": "GoblinHurt"
    },
    "hasAI": true,
    "aiBase": "(none)",
    "aixml": "<xml xmlns=\"https://developers.google.com/blockly/xml\"><block type=\"aitasks_container\" deletable=\"false\" x=\"40\" y=\"40\"><next><block type=\"avoid_entity\"><field name=\"entity\">CUSTOM:GoblinFear</field><field name=\"radius\">6</field><field name=\"farspeed\">1.3</field><field name=\"nearspeed\">2</field><field name=\"condition\">null,null</field><next><block type=\"avoid_entity\"><field name=\"entity\">EntityIronGolem</field><field name=\"radius\">6</field><field name=\"farspeed\">2</field><field name=\"nearspeed\">1.2</field><field name=\"condition\">null,null</field><next><block type=\"attack_on_collide\"><field name=\"speed\">1.2</field><field name=\"longmemory\">FALSE</field><field name=\"condition\">null,null</field><next><block type=\"swim\"><field name=\"speed\">1</field><field name=\"condition\">null,null</field><next><block type=\"wander\"><field name=\"speed\">1</field><field name=\"condition\">null,null</field><next><block type=\"attack_action\"><field name=\"callhelp\">FALSE</field><field name=\"condition\">null,null</field><next><block type=\"look_around\"><field name=\"condition\">null,null</field><next><block type=\"swim_in_water\"><field name=\"condition\">null,null</field><next><block type=\"attack_entity\"><field name=\"insight\">FALSE</field><field name=\"nearby\">FALSE</field><field name=\"entity\">EntityPlayer</field><field name=\"condition\">null,null</field><next><block type=\"attack_entity\"><field name=\"insight\">FALSE</field><field name=\"nearby\">FALSE</field><field name=\"entity\">EntityVillager</field><field name=\"condition\">null,null</field></block></next></block></next></block></next></block></next></block></next></block></next></block></next></block></next></block></next></block></next></block></xml>",
    "model": "goblin.geo.json",
    "groupName": "head",
    "animation1": "idle",
    "animation2": "walk",
    "animation3": "",
    "animation4": "",
    "animation5": "",
    "animation6": "",
    "animation7": "",
    "animation8": "",
    "animation9": "",
    "animation10": "",
    "enable2": true,
    "enable3": false,
    "enable4": false,
    "enable5": false,
    "enable6": false,
    "enable7": false,
    "enable8": false,
    "enable9": false,
    "enable10": false,
    "breedable": false,
    "tameable": false,
    "disableDeathRotation": false,
    "headMovement": true,
    "eyeHeight": false,
    "breedTriggerItems": [],
    "ranged": false,
    "rangedAttackItem": {
      "value": ""
    },
    "rangedItemType": "Default item",
    "rangedAttackInterval": 20,
    "rangedAttackRadius": 10.0,
    "height": 1.0,
    "spawnThisMob": true,
    "doesDespawnWhenIdle": true,
    "spawningProbability": 20,
    "mobSpawningType": "monster",
    "minNumberOfMobsPerGroup": 1,
    "maxNumberOfMobsPerGroup": 4,
    "restrictionBiomes": [
      {
        "value": "birch_forest"
      },
      {
        "value": "birch_forest_hills"
      },
      {
        "value": "roofed_forest"
      },
      {
        "value": "mutated_roofed_forest"
      },
      {
        "value": "mutated_forest"
      },
      {
        "value": "forest"
      },
      {
        "value": "forest_hills"
      },
      {
        "value": "mutated_birch_forest"
      },
      {
        "value": "extreme_hills_with_trees"
      }
    ],
    "spawnInDungeons": false
  }
}