{
  "_fv": 60,
  "_type": "animatedentity",
  "definition": {
    "mobName": "Ladybug",
    "mobLabel": "",
    "mobModelTexture": "ladybug.png",
    "mobModelGlowTexture": "",
    "visualScale": {
      "fixedValue": 1.0
    },
    "boundingBoxScale": {
      "fixedValue": 1.0
    },
    "entityDataEntries": [],
    "modelWidth": 0.9,
    "modelHeight": 0.95,
    "modelShadowSize": 0.5,
    "mountedYOffset": 0.0,
    "stepHeight": 0.6,
    "hasSpawnEgg": true,
    "spawnEggBaseColor": {
      "value": -7266027,
      "falpha": 0.0
    },
    "spawnEggDotColor": {
      "value": -7373714,
      "falpha": 0.0
    },
    "creativeTab": {
      "value": "MISC"
    },
    "isBoss": false,
    "bossBarColor": "PINK",
    "bossBarType": "PROGRESS",
    "equipmentMainHand": {
      "value": ""
    },
    "equipmentOffHand": {
      "value": ""
    },
    "equipmentHelmet": {
      "value": ""
    },
    "equipmentBody": {
      "value": ""
    },
    "equipmentLeggings": {
      "value": ""
    },
    "equipmentBoots": {
      "value": ""
    },
    "mobBehaviourType": "Mob",
    "mobCreatureType": "ARTHROPOD",
    "attackStrength": 6,
    "attackKnockback": 1.0,
    "knockbackResistance": 0.0,
    "movementSpeed": 0.35,
    "armorBaseValue": 12.0,
    "trackingRange": 64,
    "followRange": 64,
    "health": 28,
    "xpAmount": 5,
    "waterMob": false,
    "flyingMob": false,
    "guiBoundTo": "<NONE>",
    "inventorySize": 9,
    "inventoryStackSize": 64,
    "deathTime": 20,
    "lerp": 4,
    "disableCollisions": false,
    "ridable": false,
    "canControlForward": false,
    "canControlStrafe": false,
    "immuneToFire": false,
    "immuneToArrows": false,
    "immuneToFallDamage": true,
    "immuneToCactus": false,
    "immuneToDrowning": false,
    "immuneToLightning": false,
    "immuneToPotions": false,
    "immuneToPlayer": false,
    "immuneToExplosion": false,
    "immuneToTrident": false,
    "immuneToAnvil": false,
    "immuneToWither": false,
    "immuneToDragonBreath": false,
    "mobDrop": {
      "value": ""
    },
    "livingSound": {
      "value": "entity.silverfish.ambient"
    },
    "hurtSound": {
      "value": "entity.silverfish.hurt"
    },
    "deathSound": {
      "value": "entity.silverfish.death"
    },
    "stepSound": {
      "value": "entity.spider.step"
    },
    "whenMobDies": {
      "name": "FlutterflyKilled"
    },
    "onRightClickedOn": {
      "name": "LadybugTrade"
    },
    "onMobTickUpdate": {
      "name": "LadybugTick"
    },
    "hasAI": true,
    "aiBase": "(none)",
    "aixml": "<xml xmlns=\"https://developers.google.com/blockly/xml\"><block type=\"aitasks_container\" deletable=\"false\" x=\"40\" y=\"40\"><next><block type=\"attack_action\"><field name=\"callhelp\">TRUE</field><field name=\"condition\">null,null</field><next><block type=\"attack_entity\"><field name=\"insight\">FALSE</field><field name=\"nearby\">TRUE</field><field name=\"entity\">EntityZombie</field><field name=\"condition\">RareAttackGoal,null</field><next><block type=\"attack_entity\"><field name=\"insight\">FALSE</field><field name=\"nearby\">TRUE</field><field name=\"entity\">EntitySpider</field><field name=\"condition\">null,null</field><next><block type=\"leap_at_target\"><field name=\"speed\">0.5</field><field name=\"condition\">null,null</field><next><block type=\"attack_on_collide\"><field name=\"speed\">1</field><field name=\"longmemory\">FALSE</field><field name=\"condition\">null,null</field><next><block type=\"swim\"><field name=\"speed\">1</field><field name=\"condition\">null,null</field><next><block type=\"follow_item_in_hands\"><field name=\"speed\">1</field><field name=\"scared\">FALSE</field><field name=\"condition\">null,null</field><value name=\"item\"><block type=\"mcitem_all\"><field name=\"value\">Items.SPIDER_EYE</field></block></value><next><block type=\"wander\"><field name=\"speed\">0.8</field><field name=\"condition\">null,null</field><next><block type=\"look_around\"><field name=\"condition\">null,null</field><next><block type=\"swim_in_water\"><field name=\"condition\">null,null</field></block></next></block></next></block></next></block></next></block></next></block></next></block></next></block></next></block></next></block></next></block></xml>",
    "model": "ladybug.geo.json",
    "groupName": "head",
    "animation1": "idle",
    "animation2": "walk",
    "animation3": "",
    "animation4": "",
    "animation5": "",
    "animation6": "",
    "animation7": "",
    "animation8": "",
    "animation9": "",
    "animation10": "",
    "enable2": true,
    "enable3": false,
    "enable4": false,
    "enable5": false,
    "enable6": false,
    "enable7": false,
    "enable8": false,
    "enable9": false,
    "enable10": false,
    "breedable": false,
    "tameable": false,
    "disableDeathRotation": false,
    "headMovement": true,
    "eyeHeight": false,
    "breedTriggerItems": [],
    "ranged": false,
    "rangedAttackItem": {
      "value": ""
    },
    "rangedItemType": "Default item",
    "rangedAttackInterval": 20,
    "rangedAttackRadius": 10.0,
    "height": 1.0,
    "spawnThisMob": true,
    "doesDespawnWhenIdle": true,
    "spawningCondition": {
      "name": "IfCantSeeSky"
    },
    "spawningProbability": 100,
    "mobSpawningType": "monster",
    "minNumberOfMobsPerGroup": 1,
    "maxNumberOfMobsPerGroup": 1,
    "restrictionBiomes": [
      {
        "value": "lush_caves"
      }
    ],
    "spawnInDungeons": false
  }
}