{
  "_fv": 60,
  "_type": "achievement",
  "definition": {
    "achievementName": "Tarancher",
    "achievementDescription": "Ride a Tarantula!",
    "achievementIcon": {
      "value": "Items.SPIDER_EYE"
    },
    "background": "Default",
    "disableDisplay": false,
    "showPopup": true,
    "announceToChat": true,
    "hideIfNotCompleted": false,
    "rewardLoot": [],
    "rewardRecipes": [],
    "rewardFunction": "No function",
    "rewardXP": 0,
    "achievementType": "task",
    "parent": {
      "value": "CUSTOM:EnemyExpansionAdvancement"
    },
    "triggerxml": "<?xml version=\"1.0\" encoding=\"UTF-8\" standalone=\"no\"?><xml xmlns=\"https://developers.google.com/blockly/xml\"><block deletable=\"false\" type=\"advancement_trigger\" x=\"40\" y=\"80\"><next><block type=\"custom_trigger\" x=\"112\" y=\"153\"/></next></block></xml>"
  }
}