{
  "_fv": 60,
  "_type": "achievement",
  "definition": {
    "achievementName": "Troll Hunter",
    "achievementDescription": "Defeat a Troll!",
    "achievementIcon": {
      "value": "CUSTOM:Trollface"
    },
    "background": "Default",
    "disableDisplay": false,
    "showPopup": true,
    "announceToChat": true,
    "hideIfNotCompleted": false,
    "rewardLoot": [],
    "rewardRecipes": [],
    "rewardFunction": "No function",
    "rewardXP": 0,
    "achievementType": "goal",
    "parent": {
      "value": "adventure/kill_a_mob"
    },
    "triggerxml": "<?xml version=\"1.0\" encoding=\"UTF-8\" standalone=\"no\"?><xml xmlns=\"https://developers.google.com/blockly/xml\"><block deletable=\"false\" type=\"advancement_trigger\" x=\"40\" y=\"80\"><next><block type=\"custom_trigger\" x=\"76\" y=\"131\"/></next></block></xml>"
  }
}