{
  "_fv": 60,
  "_type": "achievement",
  "definition": {
    "achievementName": "Wasp Business",
    "achievementDescription": "Hatch a Wasp Drone from a Wasp Thorax!",
    "achievementIcon": {
      "value": "CUSTOM:WaspThorax"
    },
    "background": "Default",
    "disableDisplay": false,
    "showPopup": true,
    "announceToChat": true,
    "hideIfNotCompleted": false,
    "rewardLoot": [],
    "rewardRecipes": [],
    "rewardFunction": "No function",
    "rewardXP": 0,
    "achievementType": "task",
    "parent": {
      "value": "CUSTOM:EnemyExpansionAdvancement"
    },
    "triggerxml": "<?xml version=\"1.0\" encoding=\"UTF-8\" standalone=\"no\"?><xml xmlns=\"https://developers.google.com/blockly/xml\"><block deletable=\"false\" type=\"advancement_trigger\" x=\"40\" y=\"80\"><next><block type=\"custom_trigger\" x=\"79\" y=\"116\"/></next></block></xml>"
  }
}