{
  "_fv": 60,
  "_type": "achievement",
  "definition": {
    "achievementName": "You Make Me Sick!",
    "achievementDescription": "Poison a Troll with a Poisonous Potato",
    "achievementIcon": {
      "value": "Items.POISONOUS_POTATO"
    },
    "background": "Default",
    "disableDisplay": false,
    "showPopup": true,
    "announceToChat": true,
    "hideIfNotCompleted": false,
    "rewardLoot": [],
    "rewardRecipes": [],
    "rewardFunction": "No function",
    "rewardXP": 10,
    "achievementType": "goal",
    "parent": {
      "value": "CUSTOM:EnemyExpansionAdvancement"
    },
    "triggerxml": "<?xml version=\"1.0\" encoding=\"UTF-8\" standalone=\"no\"?><xml xmlns=\"https://developers.google.com/blockly/xml\"><block deletable=\"false\" type=\"advancement_trigger\" x=\"40\" y=\"80\"><next><block type=\"custom_trigger\" x=\"32\" y=\"37\"/></next></block></xml>"
  }
}