{
	"format_version": "1.8.0",
	"animations": {
		"animation.model.new": {
			"loop": true
		},
		"idle": {
			"loop": true,
			"animation_length": 6,
			"bones": {
				"all": {
					"position": {
						"0.0": {
							"vector": [0, 0, 0]
						},
						"4.0": {
							"vector": [0, -0.1, 0],
							"easing": "easeInOutSine"
						},
						"6.0": {
							"vector": [0, 0, 0],
							"easing": "easeInOutSine"
						}
					}
				},
				"body": {
					"rotation": {
						"0.0": {
							"vector": [0, 0, 0]
						},
						"4.0": {
							"vector": [1, 0, 0],
							"easing": "easeInOutSine"
						},
						"6.0": {
							"vector": [0, 0, 0],
							"easing": "easeInOutSine"
						}
					},
					"position": {
						"0.0": {
							"vector": [0, 0, 0]
						},
						"4.0": {
							"vector": [0, -0.2, 0],
							"easing": "easeInOutSine"
						},
						"6.0": {
							"vector": [0, 0, 0],
							"easing": "easeInOutSine"
						}
					}
				},
				"torso": {
					"rotation": {
						"0.0": {
							"vector": [0, 0, 0]
						},
						"3.5": {
							"vector": [1, 0, 0],
							"easing": "easeInOutSine"
						},
						"6.0": {
							"vector": [0, 0, 0],
							"easing": "easeInOutSine"
						}
					}
				},
				"head": {
					"rotation": {
						"0.0": {
							"vector": [0, 0, 0]
						},
						"3.0": {
							"vector": [1, 0, 0],
							"easing": "easeInOutSine"
						},
						"6.0": {
							"vector": [0, 0, 0],
							"easing": "easeInOutSine"
						}
					}
				},
				"jaw": {
					"rotation": {
						"0.0": {
							"vector": [0, 0, 0]
						},
						"4.5": {
							"vector": [5, 0, 0],
							"easing": "easeInOutSine"
						},
						"6.0": {
							"vector": [0, 0, 0],
							"easing": "easeInOutSine"
						}
					}
				},
				"tail": {
					"rotation": {
						"0.0": {
							"vector": [0, 0, 0]
						},
						"4.5": {
							"vector": [-5, 0, 0],
							"easing": "easeInOutSine"
						},
						"6.0": {
							"vector": [0, 0, 0],
							"easing": "easeInOutSine"
						}
					}
				}
			}
		},
		"run": {
			"loop": true,
			"animation_length": 1,
			"bones": {
				"all": {
					"position": {
						"0.0": {
							"vector": [0, 0, 0]
						},
						"0.25": {
							"vector": [0, -1, 0],
							"easing": "easeInOutSine"
						},
						"0.5": {
							"vector": [0, 0, 0],
							"easing": "easeInOutSine"
						},
						"0.75": {
							"vector": [0, -1, 0],
							"easing": "easeInOutSine"
						},
						"1.0": {
							"vector": [0, 0, 0],
							"easing": "easeInOutQuad"
						}
					}
				},
				"head": {
					"rotation": {
						"0.0": {
							"vector": [0, 0, 0]
						},
						"0.2083": {
							"vector": [-10, 0, 0],
							"easing": "easeInOutSine"
						},
						"0.4583": {
							"vector": [0, 0, 0],
							"easing": "easeInOutSine"
						},
						"0.7083": {
							"vector": [-10, 0, 0],
							"easing": "easeInOutSine"
						},
						"1.0": {
							"vector": [0, 0, 0],
							"easing": "easeInOutSine"
						}
					}
				},
				"jaw": {
					"rotation": {
						"0.0": {
							"vector": [0, 0, 0]
						},
						"0.25": {
							"vector": [7.5, 0, 0],
							"easing": "easeInOutSine"
						},
						"0.5": {
							"vector": [0, 0, 0],
							"easing": "easeInOutSine"
						},
						"0.75": {
							"vector": [7.5, 0, 0],
							"easing": "easeInOutSine"
						},
						"1.0": {
							"vector": [0, 0, 0],
							"easing": "easeInOutSine"
						}
					}
				},
				"tail": {
					"rotation": {
						"0.0": {
							"vector": [0, 0, 0]
						},
						"0.25": {
							"vector": [80, 0, 0],
							"easing": "easeInOutSine"
						},
						"0.5": {
							"vector": [0, 0, 0],
							"easing": "easeInOutSine"
						},
						"0.75": {
							"vector": [80, 0, 0],
							"easing": "easeInOutSine"
						},
						"1.0": {
							"vector": [0, 0, 0],
							"easing": "easeInOutSine"
						}
					}
				},
				"leftlegfront": {
					"rotation": {
						"0.0": {
							"vector": [0, 0, 0]
						},
						"0.25": {
							"vector": [-67.5, 0, 0],
							"easing": "easeOutSine"
						},
						"0.75": {
							"vector": [67.5, 0, 0],
							"easing": "easeInOutSine"
						},
						"1.0": {
							"vector": [0, 0, 0],
							"easing": "easeInSine"
						}
					}
				},
				"rightlegfront": {
					"rotation": {
						"0.0": {
							"vector": [0, 0, 0]
						},
						"0.25": {
							"vector": [45, 0, 0],
							"easing": "easeOutSine"
						},
						"0.75": {
							"vector": [-45, 0, 0],
							"easing": "easeInOutSine"
						},
						"1.0": {
							"vector": [0, 0, 0],
							"easing": "easeInSine"
						}
					}
				},
				"leftlegback": {
					"rotation": {
						"0.0": {
							"vector": [0, 0, 0]
						},
						"0.375": {
							"vector": [45, 0, 0],
							"easing": "easeOutSine"
						},
						"0.875": {
							"vector": [-45, 0, 0],
							"easing": "easeInOutSine"
						},
						"1.0": {
							"vector": [0, 0, 0],
							"easing": "easeInSine"
						}
					}
				},
				"rightlegback": {
					"rotation": {
						"0.0": {
							"vector": [0, 0, 0]
						},
						"0.375": {
							"vector": [-67.5, 0, 0],
							"easing": "easeOutSine"
						},
						"0.875": {
							"vector": [67.5, 0, 0],
							"easing": "easeInOutSine"
						},
						"1.0": {
							"vector": [0, 0, 0],
							"easing": "easeInSine"
						}
					}
				},
				"frontlegs": {
					"rotation": {
						"0.0": {
							"vector": [0, 0, 0]
						},
						"0.25": {
							"vector": [-10, 0, 0],
							"easing": "easeInOutSine"
						},
						"0.5": {
							"vector": [0, 0, 0],
							"easing": "easeInOutSine"
						},
						"0.75": {
							"vector": [-10, 0, 0],
							"easing": "easeInOutSine"
						},
						"1.0": {
							"vector": [0, 0, 0],
							"easing": "easeInOutSine"
						}
					}
				}
			}
		},
		"leap": {
			"animation_length": 1,
			"bones": {
				"all": {
					"rotation": {
						"0.0": {
							"vector": [0, 0, 0]
						},
						"0.25": {
							"vector": [0, 0, 0],
							"easing": "easeOutCirc"
						},
						"0.5": {
							"vector": [-15, 0, 0],
							"easing": "easeOutCirc"
						},
						"0.6667": {
							"vector": [-15, 0, 0],
							"easing": "easeInOutSine"
						},
						"0.8333": {
							"vector": [0, 0, 0],
							"easing": "easeOutCirc"
						},
						"1.0": {
							"vector": [0, 0, 0],
							"easing": "easeOutBack"
						}
					}
				},
				"body": {
					"rotation": {
						"0.0": {
							"vector": [0, 0, 0]
						},
						"0.25": {
							"vector": [0, 0, 0],
							"easing": "easeOutCirc"
						},
						"0.5": {
							"vector": [-10, 0, 0],
							"easing": "easeOutCirc"
						},
						"0.6667": {
							"vector": [0, 0, 0],
							"easing": "easeInOutSine"
						},
						"0.8333": {
							"vector": [0, 0, 0],
							"easing": "easeOutCirc"
						},
						"1.0": {
							"vector": [0, 0, 0],
							"easing": "easeOutBack"
						}
					},
					"position": {
						"0.0": {
							"vector": [0, 0, 0]
						},
						"0.25": {
							"vector": [0, -1, 0],
							"easing": "easeOutCirc"
						},
						"0.5": {
							"vector": [0, 0, 0],
							"easing": "easeOutCirc"
						},
						"0.6667": {
							"vector": [0, 0, 0],
							"easing": "easeInOutSine"
						},
						"0.8333": {
							"vector": [0, -1, 0],
							"easing": "easeOutCirc"
						},
						"1.0": {
							"vector": [0, 0, 0],
							"easing": "easeInCirc"
						}
					}
				},
				"torso": {
					"rotation": {
						"0.0": {
							"vector": [0, 0, 0]
						},
						"0.25": {
							"vector": [22.5, 0, 0],
							"easing": "easeOutCirc"
						},
						"0.5": {
							"vector": [0, 0, 0],
							"easing": "easeOutCirc"
						},
						"0.6667": {
							"vector": [0, 0, 0],
							"easing": "easeInOutSine"
						},
						"0.8333": {
							"vector": [22.5, 0, 0],
							"easing": "easeOutCirc"
						},
						"1.0": {
							"vector": [0, 0, 0],
							"easing": "easeOutCirc"
						}
					}
				},
				"head": {
					"rotation": {
						"0.0": {
							"vector": [0, 0, 0]
						},
						"0.25": {
							"vector": [-22.5, 0, 0],
							"easing": "easeOutCirc"
						},
						"0.5": {
							"vector": [-40, 0, 0],
							"easing": "easeOutCirc"
						},
						"0.6667": {
							"vector": [-55, 0, 0],
							"easing": "easeInOutSine"
						},
						"0.8333": {
							"vector": [-22.5, 0, 0],
							"easing": "easeOutCirc"
						},
						"1.0": {
							"vector": [0, 0, 0],
							"easing": "easeOutCirc"
						}
					}
				},
				"jaw": {
					"rotation": {
						"0.0": {
							"vector": [0, 0, 0]
						},
						"0.25": {
							"vector": [-30, 0, 0],
							"easing": "easeOutCirc"
						},
						"0.5": {
							"vector": [67.5, 0, 0],
							"easing": "easeOutCirc"
						},
						"0.6667": {
							"vector": [90, 0, 0],
							"easing": "easeInOutSine"
						},
						"0.8333": {
							"vector": [-30, 0, 0],
							"easing": "easeOutCirc"
						},
						"1.0": {
							"vector": [0, 0, 0],
							"easing": "easeOutBack"
						}
					}
				},
				"tail": {
					"rotation": {
						"0.0": {
							"vector": [0, 0, 0]
						},
						"0.25": {
							"vector": [157.5, 0, 0],
							"easing": "easeOutCirc"
						},
						"0.5": {
							"vector": [90, 0, 0],
							"easing": "easeOutCirc"
						},
						"0.6667": {
							"vector": [45, 0, 0],
							"easing": "easeInOutSine"
						},
						"0.8333": {
							"vector": [0, 0, 0],
							"easing": "easeOutCirc"
						},
						"1.0": {
							"vector": [0, 0, 0],
							"easing": "easeOutBack"
						}
					}
				},
				"frontlegs": {
					"rotation": {
						"0.0": {
							"vector": [0, 0, 0]
						},
						"0.25": {
							"vector": [0, 0, 0],
							"easing": "easeOutCirc"
						},
						"0.5": {
							"vector": [-112.5, 0, 0],
							"easing": "easeOutCirc"
						},
						"0.6667": {
							"vector": [-132.5, 0, 0],
							"easing": "easeInOutSine"
						},
						"0.8333": {
							"vector": [0, 0, 0],
							"easing": "easeOutCirc"
						},
						"1.0": {
							"vector": [0, 0, 0],
							"easing": "easeOutCirc"
						}
					}
				},
				"backlegs": {
					"rotation": {
						"0.0": {
							"vector": [0, 0, 0]
						},
						"0.25": {
							"vector": [0, 0, 0],
							"easing": "easeOutCirc"
						},
						"0.5": {
							"vector": [67.5, 0, 0],
							"easing": "easeOutCirc"
						},
						"0.6667": {
							"vector": [90, 0, 0],
							"easing": "easeInOutSine"
						},
						"0.8333": {
							"vector": [0, 0, 0],
							"easing": "easeOutCirc"
						},
						"1.0": {
							"vector": [0, 0, 0],
							"easing": "easeOutBack"
						}
					}
				}
			}
		}
	},
	"geckolib_format_version": 2
}