{
	"format_version": "1.8.0",
	"animations": {
		"idle": {
			"loop": true,
			"animation_length": 8,
			"bones": {
				"body": {
					"scale": {
						"0.0": {
							"vector": [1, 1, 1]
						},
						"4.0": {
							"vector": [1, 0.95, 1],
							"easing": "easeInOutSine"
						},
						"8.0": {
							"vector": [1, 1, 1],
							"easing": "easeInOutSine"
						}
					}
				},
				"head": {
					"rotation": {
						"0.0": {
							"vector": [0, 0, 0]
						},
						"4.0": {
							"vector": [2.5, 0, 0],
							"easing": "easeInOutSine"
						},
						"8.0": {
							"vector": [0, 0, 0],
							"easing": "easeInOutSine"
						}
					}
				},
				"rightarm": {
					"rotation": {
						"0.0": {
							"vector": [0, 0, 0]
						},
						"5.0": {
							"vector": [0, 0, 0],
							"easing": "easeInOutSine"
						},
						"5.2917": {
							"vector": [-22.5, 0, 0],
							"easing": "easeInOutSine"
						},
						"5.625": {
							"vector": [0, 0, 0],
							"easing": "easeInOutSine"
						}
					},
					"scale": {
						"vector": [1, 1, 1]
					}
				},
				"leftarm": {
					"rotation": {
						"0.0": {
							"vector": [0, 0, 0]
						},
						"5.9583": {
							"vector": [0, 0, 0],
							"easing": "easeInOutSine"
						},
						"6.2917": {
							"vector": [-22.5, 0, 0],
							"easing": "easeInOutSine"
						},
						"6.625": {
							"vector": [0, 0, 0],
							"easing": "easeInOutSine"
						}
					}
				}
			}
		},
		"walk": {
			"loop": true,
			"animation_length": 1,
			"bones": {
				"body": {
					"rotation": {
						"0.0": {
							"vector": [0, 0, -5]
						},
						"0.5": {
							"vector": [0, 0, 5],
							"easing": "easeInOutSine"
						},
						"0.9583": {
							"vector": [0, 0, -5],
							"easing": "easeInOutSine"
						}
					}
				},
				"rightarm": {
					"rotation": {
						"0.0": {
							"vector": [45.00001, 0.00004, 22.5]
						},
						"0.25": {
							"vector": [12.18035, -0.13243, 46.44915],
							"easing": "easeInSine"
						},
						"0.5": {
							"vector": [-38.01457, -26.7299, 27.57745],
							"easing": "easeInOutSine"
						},
						"1.0": {
							"vector": [45.00001, 0.00004, 22.5],
							"easing": "easeInOutSine"
						}
					}
				},
				"leftarm": {
					"rotation": {
						"0.0": {
							"vector": [-34.14165, 24.8215, -19.99174]
						},
						"0.5": {
							"vector": [54.85562, 2.67814, -24.1303],
							"easing": "easeInOutSine"
						},
						"0.75": {
							"vector": [36.33618, -7.20401, -39.45357],
							"easing": "easeInOutSine"
						},
						"1.0": {
							"vector": [-34.14165, 24.8215, -19.99174]
						}
					}
				},
				"rightleg": {
					"rotation": {
						"0.0": {
							"vector": [0, 0, 15]
						},
						"0.5": {
							"vector": [0, 0, 60],
							"easing": "easeInOutSine"
						},
						"1.0": {
							"vector": [0, 0, 15],
							"easing": "easeInOutSine"
						}
					}
				},
				"leftleg": {
					"rotation": {
						"0.0": {
							"vector": [0, 0, -90]
						},
						"0.5": {
							"vector": [0, 0, -17.5],
							"easing": "easeInOutSine"
						},
						"1.0": {
							"vector": [0, 0, -90],
							"easing": "easeInOutSine"
						}
					}
				}
			}
		},
		"bobble": {
			"loop": true,
			"animation_length": 1,
			"bones": {
				"body": {
					"scale": {
						"vector": [1, 1, 1]
					}
				},
				"head": {
					"rotation": {
						"0.0": {
							"vector": [0, 0, 0]
						},
						"0.25": {
							"vector": [-17.27903, 0.22097, -44.99957],
							"easing": "easeInOutSine"
						},
						"0.75": {
							"vector": [0.22097, -0.22097, 44.99957],
							"easing": "easeInOutSine"
						},
						"1.0": {
							"vector": [0, 0, 0],
							"easing": "easeInOutSine"
						}
					},
					"position": {
						"0.0": {
							"vector": [0, 0, 0]
						},
						"0.25": {
							"vector": [2, 0, -2],
							"easing": "easeInOutSine"
						},
						"0.75": {
							"vector": [-2, 0, -2],
							"easing": "easeInOutSine"
						},
						"1.0": {
							"vector": [0, 0, 0],
							"easing": "easeInOutSine"
						}
					}
				},
				"rightarm": {
					"rotation": {
						"vector": [0, 0, 0]
					},
					"scale": {
						"vector": [1, 1, 1]
					}
				},
				"leftarm": {
					"rotation": {
						"vector": [0, 0, 0]
					}
				}
			}
		}
	},
	"geckolib_format_version": 2
}