{
	"format_version": "1.8.0",
	"animations": {
		"idle": {
			"loop": true,
			"animation_length": 6,
			"bones": {
				"rightarm": {
					"rotation": {
						"0.0": {
							"vector": [0, 0, 0]
						},
						"3.0": {
							"vector": [2.5, 0, 0],
							"easing": "easeInOutSine"
						},
						"6.0": {
							"vector": [0, 0, 0],
							"easing": "easeInOutSine"
						}
					}
				},
				"leftarm": {
					"rotation": {
						"0.0": {
							"vector": [2.5, 0, 0]
						},
						"3.0": {
							"vector": [0, 0, 0],
							"easing": "easeInOutSine"
						},
						"6.0": {
							"vector": [2.5, 0, 0],
							"easing": "easeInOutSine"
						}
					}
				}
			}
		},
		"walk": {
			"loop": true,
			"animation_length": 1,
			"bones": {
				"rightarm": {
					"rotation": {
						"0.0": {
							"vector": [0, 0, 0]
						},
						"0.5": {
							"vector": [2.5, 0, 0],
							"easing": "easeInOutSine"
						},
						"1.0": {
							"vector": [0, 0, 0],
							"easing": "easeInOutSine"
						}
					},
					"position": {
						"0.0": {
							"vector": [0, 0, 0]
						},
						"1.0": {
							"vector": [0, 0, 0]
						}
					}
				},
				"leftarm": {
					"rotation": {
						"0.0": {
							"vector": [2.5, 0, 0]
						},
						"0.5": {
							"vector": [0, 0, 0],
							"easing": "easeInOutSine"
						},
						"1.0": {
							"vector": [2.5, 0, 0],
							"easing": "easeInOutSine"
						}
					}
				},
				"body": {
					"rotation": {
						"0.0": {
							"vector": [0, 0, 0]
						},
						"0.1667": {
							"vector": [0, 0, 0.5],
							"easing": "easeOutSine"
						},
						"0.75": {
							"vector": [0, 0, -0.5],
							"easing": "easeInOutSine"
						},
						"1.0": {
							"vector": [0, 0, 0],
							"easing": "easeInSine"
						}
					}
				},
				"rightleg": {
					"rotation": {
						"0.0": {
							"vector": [-22.5, 0, 0]
						},
						"0.5": {
							"vector": [22.5, 0, 0],
							"easing": "easeInOutSine"
						},
						"1.0": {
							"vector": [-22.5, 0, 0],
							"easing": "easeInOutSine"
						}
					}
				},
				"leftleg": {
					"rotation": {
						"0.0": {
							"vector": [22.5, 0, 0]
						},
						"0.5": {
							"vector": [-22.5, 0, 0],
							"easing": "easeInOutSine"
						},
						"1.0": {
							"vector": [22.5, 0, 0],
							"easing": "easeInOutSine"
						}
					}
				}
			}
		},
		"sprint": {
			"loop": true,
			"animation_length": 0.5,
			"bones": {
				"rightarm": {
					"rotation": {
						"0.0": {
							"vector": [-22.5, 0, 0]
						},
						"0.25": {
							"vector": [-30, 0, 0],
							"easing": "easeInOutSine"
						},
						"0.5": {
							"vector": [-22.5, 0, 0],
							"easing": "easeInOutSine"
						}
					}
				},
				"leftarm": {
					"rotation": {
						"0.0": {
							"vector": [-30, 0, 0],
							"easing": "easeInOutSine"
						},
						"0.25": {
							"vector": [-22.5, 0, 0],
							"easing": "easeInOutSine"
						},
						"0.5": {
							"vector": [-30, 0, 0],
							"easing": "easeInOutSine"
						}
					}
				},
				"body": {
					"rotation": {
						"0.0": {
							"vector": [22.5, 0, 0]
						},
						"0.25": {
							"vector": [25, 0, 0],
							"easing": "easeInOutSine"
						},
						"0.5": {
							"vector": [22.5, 0, 0],
							"easing": "easeInOutSine"
						}
					}
				},
				"head": {
					"rotation": {
						"vector": [-22.5, 0, 0]
					}
				},
				"rightleg": {
					"rotation": {
						"0.0": {
							"vector": [-67.5, 0, 0]
						},
						"0.25": {
							"vector": [67.5, 0, 0],
							"easing": "easeInSine"
						},
						"0.5": {
							"vector": [-67.5, 0, 0],
							"easing": "easeInSine"
						}
					}
				},
				"leftleg": {
					"rotation": {
						"0.0": {
							"vector": [67.5, 0, 0]
						},
						"0.25": {
							"vector": [-67.5, 0, 0],
							"easing": "easeInSine"
						},
						"0.5": {
							"vector": [67.5, 0, 0],
							"easing": "easeInSine"
						}
					}
				}
			}
		},
		"staggered": {
			"loop": true,
			"animation_length": 2,
			"bones": {
				"rightarm": {
					"rotation": {
						"0.0": {
							"vector": [0, 0, 0]
						},
						"0.5": {
							"vector": [2.5, 0, 0],
							"easing": "easeInOutSine"
						},
						"1.0": {
							"vector": [0, 0, 0],
							"easing": "easeInOutSine"
						},
						"1.5": {
							"vector": [2.5, 0, 0],
							"easing": "easeInOutSine"
						},
						"2.0": {
							"vector": [0, 0, 0],
							"easing": "easeInOutSine"
						}
					},
					"position": {
						"0.0": {
							"vector": [0, 0, 0]
						},
						"1.0": {
							"vector": [0, 0, 0]
						},
						"2.0": {
							"vector": [0, 0, 0]
						}
					}
				},
				"leftarm": {
					"rotation": {
						"0.0": {
							"vector": [2.5, 0, 0]
						},
						"0.5": {
							"vector": [0, 0, 0],
							"easing": "easeInOutSine"
						},
						"1.0": {
							"vector": [2.5, 0, 0],
							"easing": "easeInOutSine"
						},
						"1.5": {
							"vector": [0, 0, 0],
							"easing": "easeInOutSine"
						},
						"2.0": {
							"vector": [2.5, 0, 0],
							"easing": "easeInOutSine"
						}
					}
				},
				"body": {
					"rotation": {
						"0.0": {
							"vector": [0, 0, 0]
						},
						"0.3333": {
							"vector": [0, 0, 2.5],
							"easing": "linear"
						},
						"0.75": {
							"vector": [0, 0, -2.5],
							"easing": "easeInOutSine"
						},
						"1.0": {
							"vector": [0, 0, 0],
							"easing": "linear"
						},
						"1.3333": {
							"vector": [0, 0, 2.5],
							"easing": "linear"
						},
						"1.75": {
							"vector": [0, 0, -2.5],
							"easing": "easeInOutSine"
						},
						"2.0": {
							"vector": [0, 0, 0],
							"easing": "linear"
						}
					}
				},
				"head": {
					"rotation": {
						"0.0": {
							"vector": [10, 0, -10],
							"easing": "easeInOutSine"
						},
						"0.5": {
							"vector": [15, 0, 10],
							"easing": "easeInOutSine"
						},
						"1.0": {
							"vector": [10, 0, -10],
							"easing": "easeInOutSine"
						},
						"1.5": {
							"vector": [15, 0, 10],
							"easing": "easeInOutSine"
						},
						"2.0": {
							"vector": [10, 0, -10],
							"easing": "easeInOutSine"
						}
					}
				},
				"rightleg": {
					"rotation": {
						"0.0": {
							"vector": [-22.5, 0, 0]
						},
						"0.5": {
							"vector": [22.5, 0, 0],
							"easing": "easeInOutSine"
						},
						"1.0": {
							"vector": [-22.5, 0, 0],
							"easing": "easeInOutSine"
						},
						"1.5": {
							"vector": [22.5, 0, 0],
							"easing": "easeInOutSine"
						},
						"2.0": {
							"vector": [-22.5, 0, 0],
							"easing": "easeInOutSine"
						}
					}
				},
				"leftleg": {
					"rotation": {
						"0.0": {
							"vector": [22.5, 0, 0]
						},
						"0.5": {
							"vector": [-22.5, 0, 0],
							"easing": "easeInOutSine"
						},
						"1.0": {
							"vector": [22.5, 0, 0],
							"easing": "easeInOutSine"
						},
						"1.5": {
							"vector": [-22.5, 0, 0],
							"easing": "easeInOutSine"
						},
						"2.0": {
							"vector": [22.5, 0, 0],
							"easing": "easeInOutSine"
						}
					}
				}
			}
		},
		"staggered_used": {
			"loop": true,
			"animation_length": 2.25,
			"bones": {
				"rightarm": {
					"rotation": {
						"0.0": {
							"vector": [0, 0, 0]
						},
						"0.0417": {
							"vector": [-50.26, -4.11, -7.71]
						},
						"0.5": {
							"vector": [0, 0, 0],
							"easing": "easeInSine"
						},
						"0.7083": {
							"vector": [2.5, 0, 0],
							"easing": "easeInOutSine"
						},
						"1.1667": {
							"vector": [0, 0, 0],
							"easing": "easeInOutSine"
						},
						"1.5833": {
							"vector": [2.5, 0, 0],
							"easing": "easeInOutSine"
						},
						"2.0": {
							"vector": [0, 0, 0],
							"easing": "easeInOutSine"
						},
						"2.25": {
							"vector": [-22.5, 0, 0],
							"easing": "easeInSine"
						}
					},
					"position": {
						"0.0": {
							"vector": [0, 0, 0]
						},
						"0.5": {
							"vector": [0, 0, 0]
						}
					}
				},
				"leftarm": {
					"rotation": {
						"0.0": {
							"vector": [0, 0, 0]
						},
						"0.0417": {
							"vector": [-57.93, 6.46, 5.88]
						},
						"0.5": {
							"vector": [2.5, 0, 0],
							"easing": "easeInSine"
						},
						"0.7083": {
							"vector": [0, 0, 0],
							"easing": "easeInOutSine"
						},
						"1.1667": {
							"vector": [2.5, 0, 0],
							"easing": "easeInOutSine"
						},
						"1.5833": {
							"vector": [0, 0, 0],
							"easing": "easeInOutSine"
						},
						"2.0": {
							"vector": [2.5, 0, 0],
							"easing": "easeInOutSine"
						},
						"2.25": {
							"vector": [-30, 0, 0],
							"easing": "easeInSine"
						}
					},
					"position": {
						"0.0": {
							"vector": [0, 0, 0]
						},
						"0.5": {
							"vector": [0, 0, 0]
						}
					}
				},
				"body": {
					"rotation": {
						"0.0": {
							"vector": [0, 0, 0]
						},
						"0.1667": {
							"vector": [-15, 0, 1.25],
							"easing": "easeInOutSine"
						},
						"0.5": {
							"vector": [0, 0, 2.5],
							"easing": "easeInOutSine"
						},
						"0.75": {
							"vector": [0, 0, -2.5],
							"easing": "easeInOutSine"
						},
						"1.0": {
							"vector": [0, 0, 0],
							"easing": "linear"
						},
						"1.3333": {
							"vector": [0, 0, 2.5],
							"easing": "linear"
						},
						"1.75": {
							"vector": [0, 0, -2.5],
							"easing": "easeInOutSine"
						},
						"2.0": {
							"vector": [0, 0, 0],
							"easing": "linear"
						},
						"2.25": {
							"vector": [22.5, 0, 0],
							"easing": "easeInSine"
						}
					}
				},
				"head": {
					"rotation": {
						"0.0": {
							"vector": [0, 0, 0],
							"easing": "easeInOutSine"
						},
						"0.1667": {
							"vector": [-57.5, 0, -10],
							"easing": "easeOutSine"
						},
						"0.5": {
							"vector": [10, 0, -10],
							"easing": "easeInSine"
						},
						"0.7083": {
							"vector": [15, 0, 10],
							"easing": "easeInOutSine"
						},
						"1.1667": {
							"vector": [10, 0, -10],
							"easing": "easeInOutSine"
						},
						"1.5833": {
							"vector": [15, 0, 10],
							"easing": "easeInOutSine"
						},
						"1.75": {
							"vector": [26.99364, 65.06833, 18.91515],
							"easing": "easeInOutSine"
						},
						"1.9167": {
							"vector": [26.44259, -53.08419, -27.42561],
							"easing": "easeInOutSine"
						},
						"2.0833": {
							"vector": [10, 0, -10],
							"easing": "easeInOutSine"
						},
						"2.25": {
							"vector": [-22.5, 0, 0],
							"easing": "easeInSine"
						}
					}
				},
				"rightleg": {
					"rotation": {
						"0.0": {
							"vector": [-67.5, 0, 0]
						},
						"0.5": {
							"vector": [22.5, 0, 0],
							"easing": "easeInOutSine"
						},
						"1.0": {
							"vector": [-22.5, 0, 0],
							"easing": "easeInOutSine"
						},
						"1.5": {
							"vector": [22.5, 0, 0],
							"easing": "easeInOutSine"
						},
						"2.0": {
							"vector": [-22.5, 0, 0],
							"easing": "easeInOutSine"
						},
						"2.25": {
							"vector": [-67.5, 0, 0],
							"easing": "easeInSine"
						}
					}
				},
				"leftleg": {
					"rotation": {
						"0.0": {
							"vector": [22.5, 0, 0]
						},
						"0.5": {
							"vector": [-22.5, 0, 0],
							"easing": "easeInOutSine"
						},
						"1.0": {
							"vector": [22.5, 0, 0],
							"easing": "easeInOutSine"
						},
						"1.5": {
							"vector": [-22.5, 0, 0],
							"easing": "easeInOutSine"
						},
						"2.0": {
							"vector": [22.5, 0, 0],
							"easing": "easeInOutSine"
						},
						"2.25": {
							"vector": [67.5, 0, 0],
							"easing": "easeInSine"
						}
					}
				}
			}
		}
	},
	"geckolib_format_version": 2
}