{
	"format_version": "1.8.0",
	"animations": {
		"idle": {
			"loop": true,
			"animation_length": 8,
			"bones": {
				"head": {
					"rotation": {
						"0.0": {
							"vector": [-2.5, 0, 0]
						},
						"7.0": {
							"vector": [-2.5, 0, 0],
							"easing": "easeInOutCirc"
						},
						"7.125": {
							"vector": [-2.5, 0, -2.5],
							"easing": "easeInOutCirc"
						},
						"7.25": {
							"vector": [-2.5, 0, 3.33333],
							"easing": "easeInOutCirc"
						},
						"7.5": {
							"vector": [-2.5, 0, 0],
							"easing": "easeInOutCirc"
						},
						"8.0": {
							"vector": [-2.5, 0, 0]
						}
					},
					"position": {
						"vector": [0, -3, 0]
					}
				},
				"skull": {
					"rotation": {
						"vector": [7.5, 0, 0]
					},
					"position": {
						"vector": [0, -2, 0]
					}
				}
			}
		},
		"walk": {
			"loop": true,
			"animation_length": 1,
			"bones": {
				"head": {
					"rotation": {
						"0.0": {
							"vector": [0, 0, 0]
						},
						"0.375": {
							"vector": [0, 0, 0],
							"easing": "easeInOutSine"
						},
						"0.5": {
							"vector": [2.5, 0, 0],
							"easing": "easeInOutSine"
						},
						"0.7083": {
							"vector": [0, 0, 0],
							"easing": "easeInOutSine"
						},
						"0.7917": {
							"vector": [0, 0, 0],
							"easing": "easeInOutSine"
						},
						"0.9167": {
							"vector": [2.5, 0, 0],
							"easing": "easeInOutSine"
						},
						"1.0": {
							"vector": [0, 0, 0],
							"easing": "easeInOutSine"
						}
					},
					"position": {
						"0.0": {
							"vector": [0, 0, 0]
						},
						"0.3333": {
							"vector": [0, 0, -5],
							"easing": "easeInOutSine"
						},
						"0.375": {
							"vector": [0, 0, 1],
							"easing": "easeInOutSine"
						},
						"0.5": {
							"vector": [0, 0, 1],
							"easing": "easeInOutSine"
						},
						"0.75": {
							"vector": [0, 0, -6],
							"easing": "easeInOutSine"
						},
						"0.8333": {
							"vector": [0, 0, 0],
							"easing": "easeInOutSine"
						},
						"1.0": {
							"vector": [0, 0, 0],
							"easing": "easeInOutSine"
						}
					}
				},
				"skull": {
					"rotation": {
						"0.0": {
							"vector": [0, 0, 0]
						},
						"0.25": {
							"vector": [-36.67, 0, 0],
							"easing": "easeInOutSine"
						},
						"0.375": {
							"vector": [12.5, 0, 0],
							"easing": "easeInOutSine"
						},
						"0.5": {
							"vector": [12.5, 0, 0],
							"easing": "easeInOutSine"
						},
						"0.7083": {
							"vector": [-36.67, 0, 0],
							"easing": "easeInOutSine"
						},
						"0.7917": {
							"vector": [12.5, 0, 0],
							"easing": "easeInOutSine"
						},
						"0.875": {
							"vector": [12.5, 0, 0],
							"easing": "easeInOutSine"
						},
						"1.0": {
							"vector": [0, 0, 0],
							"easing": "easeInOutSine"
						}
					}
				},
				"ribs": {
					"rotation": {
						"0.0": {
							"vector": [0, 0, 0]
						},
						"0.25": {
							"vector": [0, -5, 0],
							"easing": "easeOutSine"
						},
						"0.75": {
							"vector": [0, 5, 0],
							"easing": "easeInOutSine"
						},
						"1.0": {
							"vector": [0, 0, 0],
							"easing": "easeInSine"
						}
					}
				},
				"spine": {
					"rotation": {
						"0.0": {
							"vector": [0, 0, 0]
						},
						"0.25": {
							"vector": [0, 0, -15],
							"easing": "easeInOutSine"
						},
						"0.75": {
							"vector": [0, 0, 22.5],
							"easing": "easeInOutSine"
						},
						"1.0": {
							"vector": [0, 0, 0],
							"easing": "easeInOutSine"
						}
					}
				},
				"upperarmleft": {
					"rotation": {
						"0.0": {
							"vector": [0, 0, 0]
						},
						"0.25": {
							"vector": [0, -67.5, 0],
							"easing": "easeOutSine"
						},
						"0.5": {
							"vector": [-45, -18.75, 0],
							"easing": "easeInOutSine"
						},
						"0.75": {
							"vector": [0, 30, 0],
							"easing": "easeInOutSine"
						},
						"1.0": {
							"vector": [0, 0, 0],
							"easing": "easeInSine"
						}
					}
				},
				"forearmleft": {
					"rotation": {
						"0.0": {
							"vector": [0, 0, 0]
						},
						"0.25": {
							"vector": [0, 45, 0],
							"easing": "easeOutSine"
						},
						"0.75": {
							"vector": [0, -67.5, 0],
							"easing": "easeInSine"
						},
						"1.0": {
							"vector": [0, 0, 0],
							"easing": "easeInSine"
						}
					}
				},
				"upperarmright": {
					"rotation": {
						"0.0": {
							"vector": [-15, 0, 0]
						},
						"0.25": {
							"vector": [0, -25, 0],
							"easing": "easeOutSine"
						},
						"0.75": {
							"vector": [0, 52.5, 0],
							"easing": "easeInSine"
						},
						"0.875": {
							"vector": [-45, 37.12311, 0],
							"easing": "easeInOutSine"
						},
						"1.0": {
							"vector": [-15, 0, 0],
							"easing": "easeInSine"
						}
					}
				},
				"forearmright": {
					"rotation": {
						"0.0": {
							"vector": [0, 0, 0]
						},
						"0.125": {
							"vector": [0, 65, 0],
							"easing": "easeOutSine"
						},
						"0.75": {
							"vector": [0, -67.5, 0],
							"easing": "easeInSine"
						},
						"1.0": {
							"vector": [0, 0, 0],
							"easing": "easeInSine"
						}
					}
				},
				"jaw": {
					"rotation": {
						"0.0": {
							"vector": [0, 0, 0]
						},
						"0.25": {
							"vector": [5.83, 0, 0],
							"easing": "easeInOutSine"
						},
						"0.375": {
							"vector": [0, 0, 0],
							"easing": "easeInOutSine"
						},
						"0.5": {
							"vector": [0, 0, 0],
							"easing": "easeInOutSine"
						},
						"0.7083": {
							"vector": [5.83, 0, 0],
							"easing": "easeInOutSine"
						},
						"0.7917": {
							"vector": [0, 0, 0],
							"easing": "easeInOutSine"
						},
						"0.875": {
							"vector": [0, 0, 0],
							"easing": "easeInOutSine"
						},
						"1.0": {
							"vector": [0, 0, 0],
							"easing": "easeInOutSine"
						}
					}
				},
				"all": {
					"rotation": {
						"0.0": {
							"vector": [0, 0, 0]
						},
						"0.25": {
							"vector": [0, -5, 0],
							"easing": "easeOutSine"
						},
						"0.75": {
							"vector": [0, 5, 0],
							"easing": "easeInOutSine"
						},
						"1.0": {
							"vector": [0, 0, 0],
							"easing": "easeInSine"
						}
					}
				}
			}
		},
		"opened": {
			"loop": true,
			"animation_length": 1,
			"bones": {
				"head": {
					"rotation": {
						"0.0": {
							"vector": [-2.5, 0, 0]
						},
						"1.0": {
							"vector": [-2.5, 0, 0]
						}
					},
					"position": {
						"0.0": {
							"vector": [0, -3, 0]
						},
						"1.0": {
							"vector": [0, -3, 0]
						}
					}
				},
				"skull": {
					"rotation": {
						"0.0": {
							"vector": [7.5, 0, 0]
						},
						"0.75": {
							"vector": [-105, 0, 0],
							"easing": "easeOutSine"
						},
						"1.0": {
							"vector": [7.5, 0, 0],
							"easing": "easeInOutSine"
						}
					},
					"position": {
						"0.0": {
							"vector": [0, -2, 0]
						},
						"0.6667": {
							"vector": [0, -2, -8],
							"easing": "easeOutSine"
						},
						"1.0": {
							"vector": [0, -2, 0],
							"easing": "easeInOutExpo"
						}
					}
				},
				"all": {
					"rotation": {
						"0.0": {
							"vector": [0, 0, 0]
						},
						"0.25": {
							"vector": [0, 0, -2.5],
							"easing": "easeOutSine"
						},
						"0.5": {
							"vector": [0, 0, 2.5],
							"easing": "easeOutSine"
						},
						"0.75": {
							"vector": [0, 0, 0],
							"easing": "easeOutSine"
						},
						"1.0": {
							"vector": [0, 0, 0],
							"easing": "easeOutSine"
						}
					},
					"position": {
						"0.0": {
							"vector": [0, 0, 0]
						},
						"1.0": {
							"vector": [0, 0, 0]
						}
					}
				},
				"upperarmleft": {
					"rotation": {
						"0.0": {
							"vector": [0, 0, 0]
						},
						"0.25": {
							"vector": [0, 0, 5],
							"easing": "easeOutSine"
						},
						"0.5": {
							"vector": [0, 0, -2.5],
							"easing": "easeOutSine"
						},
						"0.75": {
							"vector": [0, 0, 0],
							"easing": "easeOutSine"
						},
						"1.0": {
							"vector": [0, 0, 0],
							"easing": "easeOutSine"
						}
					}
				},
				"upperarmright": {
					"rotation": {
						"0.0": {
							"vector": [0, 0, 0]
						},
						"0.25": {
							"vector": [0, 0, 2.5],
							"easing": "easeOutSine"
						},
						"0.5": {
							"vector": [0, 0, -2.5],
							"easing": "easeOutSine"
						},
						"0.75": {
							"vector": [0, 0, 0],
							"easing": "easeOutSine"
						},
						"1.0": {
							"vector": [0, 0, 0],
							"easing": "easeOutSine"
						}
					}
				}
			}
		}
	},
	"geckolib_format_version": 2
}