{
	"format_version": "1.12.0",
	"minecraft:geometry": [
		{
			"description": {
				"identifier": "geometry.equestrian",
				"texture_width": 64,
				"texture_height": 128,
				"visible_bounds_width": 4,
				"visible_bounds_height": 4.5,
				"visible_bounds_offset": [0, 1.75, 0]
			},
			"bones": [
				{
					"name": "all",
					"pivot": [0, 0, 11]
				},
				{
					"name": "zombie",
					"parent": "all",
					"pivot": [0, 21.28127, 3.69733]
				},
				{
					"name": "torso",
					"parent": "zombie",
					"pivot": [0, 21.28127, 3.69733]
				},
				{
					"name": "head",
					"parent": "torso",
					"pivot": [0, 34.28127, 3.69733],
					"cubes": [
						{"origin": [-4, 33.24767, -0.82637], "size": [8, 8, 8], "uv": [0, 0]}
					]
				},
				{
					"name": "zombiebody",
					"parent": "torso",
					"pivot": [0, 21.13286, 3.34242],
					"cubes": [
						{"origin": [-4, 21.38286, 1.34242], "size": [8, 12, 4], "uv": [16, 16]}
					]
				},
				{
					"name": "arms",
					"parent": "torso",
					"pivot": [0, 31.28127, 3.69733]
				},
				{
					"name": "zombiearmleft",
					"parent": "arms",
					"pivot": [3.41953, 31.17268, 2.73815],
					"cubes": [
						{"origin": [3.09693, 21.13749, 0.70548], "size": [3, 12, 3], "pivot": [3.41953, 31.17268, 2.73815], "rotation": [-48.3973, -6.3066, 20.5563], "uv": [40, 17]}
					]
				},
				{
					"name": "zombiearmright",
					"parent": "arms",
					"pivot": [-3.41953, 31.17268, 2.73815],
					"cubes": [
						{"origin": [-6.09693, 21.13749, 0.70548], "size": [3, 12, 3], "pivot": [-3.41953, 31.17268, 2.73815], "rotation": [-48.3973, 6.3066, -20.5563], "uv": [40, 17], "mirror": true}
					]
				},
				{
					"name": "zombielegleft",
					"parent": "zombie",
					"pivot": [3.35112, 21.71756, 2.24076],
					"cubes": [
						{"origin": [1.88741, 9.63808, 0.52299], "size": [3, 12, 3], "pivot": [3.35112, 21.71756, 2.24076], "rotation": [-45.829, -30.1883, -10.2249], "uv": [4, 17]}
					]
				},
				{
					"name": "zombielegright",
					"parent": "zombie",
					"pivot": [-3.35112, 21.71756, 2.24076],
					"cubes": [
						{"origin": [-4.88741, 9.63808, 0.52299], "size": [3, 12, 3], "pivot": [-3.35112, 21.71756, 2.24076], "rotation": [-45.829, 30.1883, 10.2249], "uv": [4, 17], "mirror": true}
					]
				},
				{
					"name": "horsebody",
					"parent": "all",
					"pivot": [0, 13, 9]
				},
				{
					"name": "neck",
					"parent": "horsebody",
					"pivot": [0, 17, -8],
					"rotation": [30, 0, 0],
					"cubes": [
						{"origin": [-2, 16, -11], "size": [4, 12, 7], "uv": [0, 99]},
						{"origin": [-1, 17, -3.99], "size": [2, 10, 2], "uv": [56, 106]}
					]
				},
				{
					"name": "horsehead",
					"parent": "neck",
					"pivot": [0, 27, -8],
					"cubes": [
						{"origin": [2, 28, -14], "size": [1, 2, 2], "uv": [29, 69]},
						{"origin": [-3, 28, -14], "size": [1, 2, 2], "uv": [29, 69]},
						{"origin": [-2, 27, -14], "size": [4, 5, 2], "inflate": 0.25, "uv": [19, 64]},
						{"origin": [-3, 27, -12], "size": [6, 5, 7], "inflate": 0.25, "uv": [0, 64]},
						{"origin": [-3, 27, -11], "size": [6, 5, 7], "inflate": 0.01, "uv": [0, 77]},
						{"origin": [-1, 27, -3.99], "size": [2, 5, 2], "inflate": -0.01, "uv": [56, 100]},
						{"origin": [-2, 27, -16], "size": [4, 5, 5], "uv": [0, 89]}
					]
				},
				{
					"name": "earleft",
					"parent": "horsehead",
					"pivot": [2, 32, -5],
					"rotation": [0, 0, 5],
					"cubes": [
						{"origin": [0.81541, 31.75131, -5.51926], "size": [2, 3, 1], "uv": [19, 80], "mirror": true}
					]
				},
				{
					"name": "earright",
					"parent": "horsehead",
					"pivot": [-2, 32, -5],
					"rotation": [0, 0, -5],
					"cubes": [
						{"origin": [-2.81541, 31.75131, -5.51926], "size": [2, 3, 1], "uv": [19, 80]}
					]
				},
				{
					"name": "mouthsaddleright",
					"parent": "horsehead",
					"pivot": [-3, 29, -13],
					"rotation": [-30, 0, 0],
					"cubes": [
						{"origin": [-3.1, 27, -13.5], "size": [0, 3, 16], "uv": [32, 66], "mirror": true}
					]
				},
				{
					"name": "mouthsaddleleft",
					"parent": "horsehead",
					"pivot": [3, 29, -13],
					"rotation": [-30, 0, 0],
					"cubes": [
						{"origin": [3.1, 27, -13.5], "size": [0, 3, 16], "uv": [32, 66]}
					]
				},
				{
					"name": "horsetorso",
					"parent": "horsebody",
					"pivot": [0, 16, 0],
					"cubes": [
						{"origin": [-5, 12, -3.5], "size": [10, 9, 9], "inflate": 0.5, "uv": [26, 64]},
						{"origin": [-5, 11, -11], "size": [10, 10, 22], "uv": [0, 96]}
					]
				},
				{
					"name": "bagright",
					"parent": "horsebody",
					"pivot": [-5, 19, 7],
					"rotation": [0, -90.00021, 0],
					"cubes": [
						{"origin": [-9, 13, 7], "size": [8, 8, 3], "inflate": 0.01, "uv": [26, 85]}
					]
				},
				{
					"name": "bagleft",
					"parent": "horsebody",
					"pivot": [5, 19, 7],
					"rotation": [0, 90.00021, 0],
					"cubes": [
						{"origin": [1, 13, 7], "size": [8, 8, 3], "inflate": 0.01, "uv": [26, 85], "mirror": true}
					]
				},
				{
					"name": "legfrontleft",
					"parent": "horsebody",
					"pivot": [3, 11, -9],
					"cubes": [
						{"origin": [1, 0, -11], "size": [4, 11, 4], "inflate": 0.01, "uv": [48, 85], "mirror": true}
					]
				},
				{
					"name": "legfrontright",
					"parent": "horsebody",
					"pivot": [-3, 11, -9],
					"cubes": [
						{"origin": [-5, 0, -11], "size": [4, 11, 4], "inflate": 0.01, "uv": [48, 85]}
					]
				},
				{
					"name": "legbackleft",
					"parent": "horsebody",
					"pivot": [3, 11, 9],
					"cubes": [
						{"origin": [1, 0, 7], "size": [4, 11, 4], "inflate": 0.01, "uv": [48, 85], "mirror": true}
					]
				},
				{
					"name": "legbackright",
					"parent": "horsebody",
					"pivot": [-3, 11, 9],
					"cubes": [
						{"origin": [-5, 0, 7], "size": [4, 11, 4], "inflate": 0.01, "uv": [48, 85]}
					]
				},
				{
					"name": "tail",
					"parent": "horsebody",
					"pivot": [0, 20, 11],
					"rotation": [30.00007, 0, 0],
					"cubes": [
						{"origin": [-1.5, 6, 9], "size": [3, 14, 4], "uv": [42, 100]}
					]
				}
			]
		}
	]
}