{
	"format_version": "1.12.0",
	"minecraft:geometry": [
		{
			"description": {
				"identifier": "geometry.ghoul",
				"texture_width": 64,
				"texture_height": 64,
				"visible_bounds_width": 4,
				"visible_bounds_height": 4.5,
				"visible_bounds_offset": [0, 1.75, 0]
			},
			"bones": [
				{
					"name": "all",
					"pivot": [0, 0, 0]
				},
				{
					"name": "body",
					"parent": "all",
					"pivot": [0, 19, 0],
					"cubes": [
						{"origin": [-5, 19, -2], "size": [10, 13, 5], "inflate": 0.01, "uv": [0, 22]}
					]
				},
				{
					"name": "head",
					"parent": "body",
					"pivot": [0, 32, 0],
					"rotation": [22.5, 0, 0],
					"cubes": [
						{"origin": [-4, 32, -4], "size": [8, 11, 8], "uv": [0, 0]}
					]
				},
				{
					"name": "leftarm",
					"parent": "body",
					"pivot": [5, 30, 0],
					"rotation": [0, -25, -5],
					"cubes": [
						{"origin": [4.92101, 15.00381, -1.96317], "size": [4, 17, 4], "uv": [0, 43], "mirror": true},
						{"origin": [4.92101, 7.00381, -1.96317], "size": [4, 8, 4], "uv": [48, 52], "mirror": true}
					]
				},
				{
					"name": "rightarm",
					"parent": "body",
					"pivot": [-5, 30, 0],
					"rotation": [0, 25, 5],
					"cubes": [
						{"origin": [-8.92101, 15.00381, -1.96317], "size": [4, 17, 4], "uv": [0, 43]},
						{"origin": [-8.92101, 7.00381, -1.96317], "size": [4, 8, 4], "uv": [48, 52]}
					]
				},
				{
					"name": "leftleg",
					"parent": "all",
					"pivot": [2.5, 18, 0],
					"cubes": [
						{"origin": [0, 0, -2], "size": [5, 19, 5], "uv": [44, 0], "mirror": true}
					]
				},
				{
					"name": "rightleg",
					"parent": "all",
					"pivot": [-2.5, 18, 0],
					"cubes": [
						{"origin": [-5, 0, -2], "size": [5, 19, 5], "uv": [44, 0]}
					]
				}
			]
		}
	]
}