{
	"format_version": "1.12.0",
	"minecraft:geometry": [
		{
			"description": {
				"identifier": "geometry.guardsman",
				"texture_width": 128,
				"texture_height": 128,
				"visible_bounds_width": 3,
				"visible_bounds_height": 4.5,
				"visible_bounds_offset": [0, 1.75, 0]
			},
			"bones": [
				{
					"name": "all",
					"pivot": [0, 0, 0]
				},
				{
					"name": "body",
					"parent": "all",
					"pivot": [0, 24, 0],
					"cubes": [
						{"origin": [-4, 18, -2], "size": [8, 14, 4], "uv": [18, 20]}
					]
				},
				{
					"name": "cape",
					"parent": "body",
					"pivot": [0, 32, 3],
					"cubes": [
						{"origin": [-8, 8.2, -2.98], "size": [16, 24, 6], "inflate": 0.3, "uv": [84, 0]}
					]
				},
				{
					"name": "head",
					"parent": "body",
					"pivot": [0, 32, 0],
					"cubes": [
						{"origin": [-4, 32, -4], "size": [8, 8, 8], "uv": [0, 0]},
						{"origin": [-4, 32, -4], "size": [8, 8, 8], "inflate": 0.2, "uv": [33, 0]}
					]
				},
				{
					"name": "arms",
					"parent": "body",
					"pivot": [0, 32, -2],
					"rotation": [-10, 0, 3]
				},
				{
					"name": "leftArm",
					"parent": "arms",
					"pivot": [5, 30, -0.75],
					"rotation": [-11.78292, 34.8243, 21.71005],
					"cubes": [
						{"origin": [4, 14, -1.75], "size": [2, 18, 2], "uv": [0, 18], "mirror": true}
					]
				},
				{
					"name": "leftItem",
					"parent": "leftArm",
					"pivot": [6, 18, 0.25]
				},
				{
					"name": "rightArm",
					"parent": "arms",
					"pivot": [-5, 30, -0.75],
					"rotation": [-14.92266, -4.61854, -1.91757],
					"cubes": [
						{"origin": [-6, 14, -1.75], "size": [2, 18, 2], "uv": [0, 18]}
					]
				},
				{
					"name": "rightItem",
					"parent": "rightArm",
					"pivot": [-6, 18, 0.25]
				},
				{
					"name": "bow",
					"parent": "rightArm",
					"pivot": [-3.5, 14, -1.75],
					"rotation": [135, 0, 0],
					"cubes": [
						{"origin": [-4, 13.34315, 7.90685], "size": [1, 1, 1], "uv": [25, 6]},
						{"origin": [-4, 12.34315, 6.90685], "size": [1, 1, 1], "uv": [25, 6]},
						{"origin": [-4, 11.34315, 5.90685], "size": [1, 1, 1], "uv": [25, 6]},
						{"origin": [-4, 10.34315, 4.90685], "size": [1, 1, 1], "uv": [25, 6]},
						{"origin": [-4, 9.34315, 3.90685], "size": [1, 1, 1], "uv": [25, 6]},
						{"origin": [-4, 8.34315, 2.90685], "size": [1, 1, 1], "uv": [25, 6]},
						{"origin": [-4, 7.34315, 1.90685], "size": [1, 1, 1], "uv": [25, 6]},
						{"origin": [-4, 6.34315, 0.90685], "size": [1, 1, 1], "uv": [25, 6]},
						{"origin": [-4, 5.34315, -0.09315], "size": [1, 1, 1], "uv": [25, 6]},
						{"origin": [-4, 4.34315, -1.09315], "size": [1, 1, 1], "uv": [25, 6]},
						{"origin": [-4, 3.34315, -2.09315], "size": [1, 1, 1], "uv": [25, 6]},
						{"origin": [-4, 3.34315, -3.09315], "size": [1, 1, 1], "uv": [35, 6]},
						{"origin": [-4, 2.34315, -3.09315], "size": [1, 1, 1], "uv": [35, 6]},
						{"origin": [-4, 2.34315, -4.09315], "size": [1, 1, 1], "uv": [35, 6]},
						{"origin": [-4, 14.34315, 7.90685], "size": [1, 1, 1], "uv": [35, 6]},
						{"origin": [-4, 14.34315, 8.90685], "size": [1, 1, 1], "uv": [35, 6]},
						{"origin": [-4, 15.34315, 8.90685], "size": [1, 1, 1], "uv": [35, 6]},
						{"origin": [-4, 15.34315, 6.90685], "size": [1, 1, 1], "uv": [35, 6]},
						{"origin": [-4, 14.34315, 5.90685], "size": [1, 1, 1], "uv": [35, 6]},
						{"origin": [-4, 13.34315, 4.90685], "size": [1, 1, 1], "uv": [35, 6]},
						{"origin": [-4, 13.34315, 3.90685], "size": [1, 1, 1], "uv": [35, 6]},
						{"origin": [-4, 13.34315, 2.90685], "size": [1, 1, 1], "uv": [35, 6]},
						{"origin": [-4, 13.34315, 1.90685], "size": [1, 1, 1], "uv": [35, 6]},
						{"origin": [-4, 14.34315, 0.90685], "size": [1, 1, 1], "uv": [35, 6]},
						{"origin": [-4, 14.34315, -0.09315], "size": [1, 1, 1], "uv": [35, 6]},
						{"origin": [-4, 11.34315, -3.09315], "size": [1, 1, 1], "uv": [35, 6]},
						{"origin": [-4, 10.34315, -3.09315], "size": [1, 1, 1], "uv": [35, 6]},
						{"origin": [-4, 10.34315, -3.09315], "size": [1, 1, 1], "uv": [35, 6]},
						{"origin": [-4, 9.34315, -2.09315], "size": [1, 1, 1], "uv": [35, 6]},
						{"origin": [-4, 8.34315, -2.09315], "size": [1, 1, 1], "uv": [35, 6]},
						{"origin": [-4, 7.34315, -2.09315], "size": [1, 1, 1], "uv": [35, 6]},
						{"origin": [-4, 6.34315, -2.09315], "size": [1, 1, 1], "uv": [35, 6]},
						{"origin": [-4, 5.34315, -3.09315], "size": [1, 1, 1], "uv": [35, 6]},
						{"origin": [-4, 4.34315, -4.09315], "size": [1, 1, 1], "uv": [35, 6]},
						{"origin": [-4, 3.34315, -4.09315], "size": [1, 1, 1], "uv": [30, 6]},
						{"origin": [-4, 3.34315, -5.09315], "size": [1, 1, 1], "uv": [30, 6]},
						{"origin": [-4, 4.34315, -5.09315], "size": [1, 1, 1], "uv": [30, 6]},
						{"origin": [-4, 5.34315, -4.09315], "size": [1, 1, 1], "uv": [30, 6]},
						{"origin": [-4, 6.34315, -4.09315], "size": [1, 1, 1], "uv": [30, 6]},
						{"origin": [-4, 7.34315, -4.09315], "size": [1, 1, 1], "uv": [30, 6]},
						{"origin": [-4, 8.34315, -4.09315], "size": [1, 1, 1], "uv": [30, 6]},
						{"origin": [-4, 9.34315, -5.09315], "size": [1, 1, 1], "uv": [30, 6]},
						{"origin": [-4, 10.34315, -5.09315], "size": [1, 1, 1], "uv": [30, 6]},
						{"origin": [-4, 11.34315, -5.09315], "size": [1, 1, 1], "uv": [30, 6]},
						{"origin": [-4, 12.34315, -5.09315], "size": [1, 1, 1], "uv": [30, 6]},
						{"origin": [-4, 13.34315, -5.09315], "size": [1, 1, 1], "uv": [30, 6]},
						{"origin": [-4, 14.34315, -4.09315], "size": [1, 1, 1], "uv": [30, 6]},
						{"origin": [-4, 15.34315, -3.09315], "size": [1, 1, 1], "uv": [30, 6]},
						{"origin": [-4, 16.34315, -2.09315], "size": [1, 1, 1], "uv": [30, 6]},
						{"origin": [-4, 16.34315, -1.09315], "size": [1, 1, 1], "uv": [30, 6]},
						{"origin": [-4, 16.34315, -0.09315], "size": [1, 1, 1], "uv": [30, 6]},
						{"origin": [-4, 16.34315, 0.90685], "size": [1, 1, 1], "uv": [30, 6]},
						{"origin": [-4, 16.34315, 1.90685], "size": [1, 1, 1], "uv": [30, 6]},
						{"origin": [-4, 15.34315, 2.90685], "size": [1, 1, 1], "uv": [30, 6]},
						{"origin": [-4, 15.34315, 3.90685], "size": [1, 1, 1], "uv": [30, 6]},
						{"origin": [-4, 15.34315, 4.90685], "size": [1, 1, 1], "uv": [30, 6]},
						{"origin": [-4, 15.34315, 5.90685], "size": [1, 1, 1], "uv": [30, 6]},
						{"origin": [-4, 16.34315, 6.90685], "size": [1, 1, 1], "uv": [30, 6]},
						{"origin": [-4, 16.34315, 7.90685], "size": [1, 1, 1], "uv": [30, 6]},
						{"origin": [-4, 15.34315, 7.90685], "size": [1, 1, 1], "uv": [30, 6]},
						{"origin": [-4, 15.34315, 7.90685], "size": [1, 1, 1], "uv": [30, 6]},
						{"origin": [-4, 14.34315, 4.90685], "size": [1, 1, 1], "uv": [35, 3]},
						{"origin": [-4, 14.34315, 3.90685], "size": [1, 1, 1], "uv": [35, 3]},
						{"origin": [-4, 15.34315, 1.90685], "size": [1, 1, 1], "uv": [35, 3]},
						{"origin": [-4, 15.34315, 0.90685], "size": [1, 1, 1], "uv": [35, 3]},
						{"origin": [-4, 10.34315, -4.09315], "size": [1, 1, 1], "uv": [35, 3]},
						{"origin": [-4, 9.34315, -4.09315], "size": [1, 1, 1], "uv": [35, 3]},
						{"origin": [-4, 7.34315, -3.09315], "size": [1, 1, 1], "uv": [35, 3]},
						{"origin": [-4, 6.34315, -3.09315], "size": [1, 1, 1], "uv": [35, 3]},
						{"origin": [-4, 8.34315, -3.09315], "size": [1, 1, 1], "uv": [30, 3]},
						{"origin": [-4, 9.34315, -3.09315], "size": [1, 1, 1], "uv": [30, 3]},
						{"origin": [-4, 11.34315, -4.09315], "size": [1, 1, 1], "uv": [30, 3]},
						{"origin": [-4, 15.34315, -0.09315], "size": [1, 1, 1], "uv": [30, 3]},
						{"origin": [-4, 14.34315, 1.90685], "size": [1, 1, 1], "uv": [30, 3]},
						{"origin": [-4, 14.34315, 2.90685], "size": [1, 1, 1], "uv": [30, 3]},
						{"origin": [-4, 14.34315, -1.09315], "size": [1, 1, 1], "uv": [25, 3]},
						{"origin": [-4, 13.34315, -2.09315], "size": [1, 1, 1], "uv": [25, 3]},
						{"origin": [-4, 12.34315, -3.09315], "size": [1, 1, 1], "uv": [25, 3]},
						{"origin": [-4, 13.34315, -4.09315], "size": [1, 1, 1], "uv": [25, 3]},
						{"origin": [-4, 14.34315, -3.09315], "size": [1, 1, 1], "uv": [25, 3]},
						{"origin": [-4, 15.34315, -2.09315], "size": [1, 1, 1], "uv": [25, 3]},
						{"origin": [-4, 15.34315, -1.09315], "size": [1, 1, 1], "uv": [25, 0]},
						{"origin": [-4, 14.34315, -2.09315], "size": [1, 1, 1], "uv": [25, 0]},
						{"origin": [-4, 13.34315, -3.09315], "size": [1, 1, 1], "uv": [25, 0]},
						{"origin": [-4, 12.34315, -4.09315], "size": [1, 1, 1], "uv": [25, 0]}
					]
				},
				{
					"name": "rightLeg",
					"parent": "all",
					"pivot": [-2, 16, 0],
					"cubes": [
						{"origin": [-3, 0, -1], "size": [2, 18, 2], "uv": [9, 18]}
					]
				},
				{
					"name": "leftLeg",
					"parent": "all",
					"pivot": [2, 16, 0],
					"cubes": [
						{"origin": [1, 0, -1], "size": [2, 18, 2], "uv": [9, 18], "mirror": true}
					]
				}
			]
		}
	]
}