{
	"format_version": "1.12.0",
	"minecraft:geometry": [
		{
			"description": {
				"identifier": "geometry.starved",
				"texture_width": 128,
				"texture_height": 128,
				"visible_bounds_width": 7,
				"visible_bounds_height": 3.5,
				"visible_bounds_offset": [0, 1.25, 0]
			},
			"bones": [
				{
					"name": "all",
					"pivot": [0, 0, 16]
				},
				{
					"name": "head",
					"parent": "all",
					"pivot": [0, 5, 14],
					"rotation": [2.5, 0, 0]
				},
				{
					"name": "skull",
					"parent": "head",
					"pivot": [0, 5, 15],
					"rotation": [-7.5, 0, 0],
					"cubes": [
						{"origin": [-12, 5, -9], "size": [24, 6, 24], "inflate": 0.1, "uv": [0, 0]}
					]
				},
				{
					"name": "jaw",
					"parent": "head",
					"pivot": [0, 5, 15],
					"cubes": [
						{"origin": [-12, 1, -9], "size": [24, 4, 24], "uv": [0, 31]}
					]
				},
				{
					"name": "ribs",
					"parent": "all",
					"pivot": [1, 3.75, 16],
					"cubes": [
						{"origin": [-7, -0.25, 16], "size": [14, 5, 14], "uv": [0, 60]},
						{"origin": [-1, 3.75, 17], "size": [2, 2, 13], "inflate": -0.01, "uv": [97, 68]}
					]
				},
				{
					"name": "spine",
					"parent": "ribs",
					"pivot": [0, 5.75, 30],
					"rotation": [-22.5, 0, 0],
					"cubes": [
						{"origin": [-1, 3.75, 30], "size": [2, 2, 10], "uv": [100, 71]}
					]
				},
				{
					"name": "armleft",
					"parent": "ribs",
					"pivot": [7, 3.75, 20],
					"rotation": [0, 0, 6],
					"cubes": [
						{"origin": [7, -0.25, 16], "size": [8, 5, 8], "inflate": 0.1, "uv": [73, 0]}
					]
				},
				{
					"name": "upperarmleft",
					"parent": "armleft",
					"pivot": [15, 3.75, 19],
					"rotation": [0, 45, 0],
					"cubes": [
						{"origin": [15, 1.75, 16], "size": [26, 3, 3], "uv": [64, 60]}
					]
				},
				{
					"name": "forearmleft",
					"parent": "upperarmleft",
					"pivot": [42, 3.75, 17],
					"rotation": [0, 15, 0],
					"cubes": [
						{"origin": [41, 1.75, -1], "size": [3, 3, 20], "uv": [37, 60]},
						{"origin": [41, -0.25, -6], "size": [3, 5, 5], "uv": [0, 12]}
					]
				},
				{
					"name": "armright",
					"parent": "ribs",
					"pivot": [-7, 3.75, 20],
					"rotation": [0, 0, -6],
					"cubes": [
						{"origin": [-15, -0.25, 16], "size": [8, 5, 8], "inflate": 0.1, "uv": [73, 0], "mirror": true}
					]
				},
				{
					"name": "upperarmright",
					"parent": "armright",
					"pivot": [-15, 3.75, 19],
					"rotation": [0, -45, 0],
					"cubes": [
						{"origin": [-41, 1.75, 16], "size": [26, 3, 3], "uv": [64, 60], "mirror": true}
					]
				},
				{
					"name": "forearmright",
					"parent": "upperarmright",
					"pivot": [-42, 3.75, 17],
					"rotation": [0, -15, 0],
					"cubes": [
						{"origin": [-44, 1.75, -1], "size": [3, 3, 20], "uv": [37, 60], "mirror": true},
						{"origin": [-44, -0.25, -6], "size": [3, 5, 5], "uv": [0, 12], "mirror": true}
					]
				}
			]
		}
	]
}