{
	"format_version": "1.12.0",
	"minecraft:geometry": [
		{
			"description": {
				"identifier": "geometry.vampire",
				"texture_width": 64,
				"texture_height": 64,
				"visible_bounds_width": 4,
				"visible_bounds_height": 4.5,
				"visible_bounds_offset": [0, 1.75, 0]
			},
			"bones": [
				{
					"name": "all",
					"pivot": [0, 0, 0]
				},
				{
					"name": "torso",
					"parent": "all",
					"pivot": [0, 16, 0],
					"rotation": [22.5, 0, 0],
					"cubes": [
						{"origin": [-4, 16, -2], "size": [8, 12, 4], "inflate": 0.01, "uv": [14, 16]}
					]
				},
				{
					"name": "head",
					"parent": "torso",
					"pivot": [0, 28, 0],
					"rotation": [-17.5, 0, 0],
					"cubes": [
						{"origin": [-4, 28, -4], "size": [8, 8, 8], "inflate": 0.02, "uv": [0, 0]}
					]
				},
				{
					"name": "rightear",
					"parent": "head",
					"pivot": [-4, 32, -2],
					"rotation": [22.5, 0, 0]
				},
				{
					"name": "rightwing",
					"parent": "rightear",
					"pivot": [-4, 32, -2],
					"rotation": [0, -32.5, 0],
					"cubes": [
						{"origin": [-4, 24, -2], "size": [1, 13, 19], "uv": [0, 32], "mirror": true}
					]
				},
				{
					"name": "leftear",
					"parent": "head",
					"pivot": [4, 32, -2],
					"rotation": [22.5, 0, 0]
				},
				{
					"name": "leftwing",
					"parent": "leftear",
					"pivot": [4, 32, -2],
					"rotation": [0, 32.5, 0],
					"cubes": [
						{"origin": [3, 24, -2], "size": [1, 13, 19], "uv": [0, 32]}
					]
				},
				{
					"name": "botharms",
					"parent": "torso",
					"pivot": [0, 26, 0]
				},
				{
					"name": "leftarm",
					"parent": "botharms",
					"pivot": [5, 26, 0],
					"rotation": [-22.5, 0, -5],
					"cubes": [
						{"origin": [4, 12, -2], "size": [3, 16, 4], "uv": [38, 16]},
						{"origin": [7, 12, 2], "size": [0, 16, 6], "uv": [52, 14]}
					]
				},
				{
					"name": "rightarm",
					"parent": "botharms",
					"pivot": [-5, 26, 0],
					"rotation": [-22.5, 0, 5],
					"cubes": [
						{"origin": [-7, 12, -2], "size": [3, 16, 4], "uv": [38, 16]},
						{"origin": [-7, 12, 2], "size": [0, 16, 6], "uv": [52, 14], "mirror": true}
					]
				},
				{
					"name": "leftleg",
					"parent": "all",
					"pivot": [1.9, 16, 0],
					"cubes": [
						{"origin": [1, 0, -2], "size": [3, 16, 4], "uv": [0, 16], "mirror": true}
					]
				},
				{
					"name": "rightleg",
					"parent": "all",
					"pivot": [-1.9, 16, 0],
					"cubes": [
						{"origin": [-4, 0, -2], "size": [3, 16, 4], "uv": [0, 16]}
					]
				}
			]
		}
	]
}