{
	"format_version": "1.12.0",
	"minecraft:geometry": [
		{
			"description": {
				"identifier": "geometry.vampflyer",
				"texture_width": 64,
				"texture_height": 64,
				"visible_bounds_width": 3,
				"visible_bounds_height": 4.5,
				"visible_bounds_offset": [0, 1.75, 0]
			},
			"bones": [
				{
					"name": "all",
					"pivot": [0, 0, 0]
				},
				{
					"name": "top",
					"parent": "all",
					"pivot": [0, 31, 0]
				},
				{
					"name": "head",
					"parent": "top",
					"pivot": [0, 27, 1],
					"rotation": [17.5, 0, 0],
					"cubes": [
						{"origin": [-4, 27, -3], "size": [8, 8, 8], "inflate": 0.02, "uv": [0, 0]}
					]
				},
				{
					"name": "rightear",
					"parent": "head",
					"pivot": [-4, 31, -1],
					"rotation": [22.5, 0, 0]
				},
				{
					"name": "rightwing",
					"parent": "rightear",
					"pivot": [-4, 31, -1],
					"rotation": [0, -32.5, 0],
					"cubes": [
						{"origin": [-4, 23, -1], "size": [1, 13, 19], "uv": [0, 32], "mirror": true}
					]
				},
				{
					"name": "leftear",
					"parent": "head",
					"pivot": [4, 31, -1],
					"rotation": [22.5, 0, 0]
				},
				{
					"name": "leftwing",
					"parent": "leftear",
					"pivot": [4, 31, -1],
					"rotation": [0, 32.5, 0],
					"cubes": [
						{"origin": [3, 23, -1], "size": [1, 13, 19], "uv": [0, 32]}
					]
				},
				{
					"name": "torso",
					"parent": "top",
					"pivot": [0, 27, 1],
					"rotation": [22.5, 0, 0],
					"cubes": [
						{"origin": [-4, 14.92391, -0.59012], "size": [8, 12, 4], "inflate": 0.01, "uv": [14, 16]}
					]
				},
				{
					"name": "botharms",
					"parent": "torso",
					"pivot": [0, 24.92391, 1.40988]
				},
				{
					"name": "leftarm",
					"parent": "botharms",
					"pivot": [5, 24.92391, 1.40988],
					"rotation": [-22.5, 0, -5],
					"cubes": [
						{"origin": [4, 10.92391, -0.59012], "size": [3, 16, 4], "uv": [38, 16]},
						{"origin": [7, 10.92391, 3.40988], "size": [0, 16, 6], "uv": [52, 14]}
					]
				},
				{
					"name": "rightarm",
					"parent": "botharms",
					"pivot": [-5, 24.92391, 1.40988],
					"rotation": [-22.5, 0, 5],
					"cubes": [
						{"origin": [-7, 10.92391, -0.59012], "size": [3, 16, 4], "uv": [38, 16]},
						{"origin": [-7, 10.92391, 3.40988], "size": [0, 16, 6], "uv": [52, 14], "mirror": true}
					]
				},
				{
					"name": "bothlegs",
					"parent": "torso",
					"pivot": [1.9, 14.92391, 1.40988]
				},
				{
					"name": "leftleg",
					"parent": "bothlegs",
					"pivot": [1.9, 14.92391, 1.40988],
					"cubes": [
						{"origin": [1, -1.07609, -0.59012], "size": [3, 16, 4], "uv": [0, 16], "mirror": true}
					]
				},
				{
					"name": "rightleg",
					"parent": "bothlegs",
					"pivot": [-1.9, 14.92391, 1.40988],
					"cubes": [
						{"origin": [-4, -1.07609, -0.59012], "size": [3, 16, 4], "uv": [0, 16]}
					]
				}
			]
		}
	]
}