{
	"format_version": "1.12.0",
	"minecraft:geometry": [
		{
			"description": {
				"identifier": "geometry.wolfsbane",
				"texture_width": 128,
				"texture_height": 128,
				"visible_bounds_width": 4,
				"visible_bounds_height": 4.5,
				"visible_bounds_offset": [0, 1.75, 0]
			},
			"bones": [
				{
					"name": "all",
					"pivot": [0, 0, 0]
				},
				{
					"name": "body",
					"parent": "all",
					"pivot": [0, 18, 8],
					"cubes": [
						{"origin": [-5, 18, 6], "size": [10, 13, 4], "uv": [31, 30]}
					]
				},
				{
					"name": "torso",
					"parent": "body",
					"pivot": [0, 29, 7],
					"rotation": [45, 0, 0],
					"cubes": [
						{"origin": [-7, 28.29289, 4.70711], "size": [14, 14, 6], "uv": [0, 0]}
					]
				},
				{
					"name": "head",
					"parent": "torso",
					"pivot": [0, 39.29289, 6.70711],
					"rotation": [-40, 0, 0],
					"cubes": [
						{"origin": [-4, 38.77646, 0.03407], "size": [8, 6, 6], "uv": [17, 48]},
						{"origin": [-3, 38.77646, -5.96593], "size": [6, 3, 6], "uv": [54, 9]},
						{"origin": [-3, 37.77646, -5.96593], "size": [6, 1, 7], "inflate": 0.01, "uv": [41, 0]}
					]
				},
				{
					"name": "earl",
					"parent": "head",
					"pivot": [3, 43.5, 5],
					"cubes": [
						{"origin": [1.99, 43.5, 5], "size": [2, 5, 1], "uv": [0, 21]}
					]
				},
				{
					"name": "earr",
					"parent": "head",
					"pivot": [-3, 43.5, 5],
					"cubes": [
						{"origin": [-3.99, 43.5, 5], "size": [2, 5, 1], "uv": [0, 21], "mirror": true}
					]
				},
				{
					"name": "lowerjaw",
					"parent": "head",
					"pivot": [0, 38.77646, 5.03407],
					"rotation": [32.5, 0, 0],
					"cubes": [
						{"origin": [-3, 38.77646, -5.96593], "size": [6, 1, 9], "inflate": 0.02, "uv": [32, 12]},
						{"origin": [-3, 37.77646, -5.96593], "size": [6, 1, 11], "uv": [0, 21]}
					]
				},
				{
					"name": "armleft",
					"parent": "torso",
					"pivot": [8, 37.29289, 7.70711],
					"cubes": [
						{"origin": [7, 19.29289, 5.70711], "size": [4, 20, 4], "pivot": [9, 39.29289, 7.70711], "rotation": [-45, 0, 0], "uv": [0, 34]}
					]
				},
				{
					"name": "clawsleft",
					"parent": "armleft",
					"pivot": [9, 28.5, -5],
					"cubes": [
						{"origin": [10.5, 20.5, -10], "size": [0, 7, 4], "pivot": [10.5, 26.5, -5], "rotation": [0, -6, 0], "uv": [0, 76]},
						{"origin": [9, 20.5, -10], "size": [0, 7, 4], "pivot": [10.5, 26.5, -5], "rotation": [-22.52779, -2.77145, 1.14895], "uv": [0, 76]},
						{"origin": [7.5, 20.5, -10], "size": [0, 7, 4], "pivot": [7.5, 26.5, -5], "rotation": [-45.10922, 3.53329, -3.54002], "uv": [0, 76]},
						{"origin": [7.29289, 20.08579, -9.29289], "size": [0, 7, 4], "pivot": [7.5, 28.5, -5], "rotation": [-54.73561, 30, -35.26439], "uv": [9, 76]}
					]
				},
				{
					"name": "armright",
					"parent": "torso",
					"pivot": [-8, 37.2929, 7.70711],
					"cubes": [
						{"origin": [-11, 19.23259, 5.36509], "size": [4, 20, 4], "pivot": [-9, 39.29289, 7.70711], "rotation": [-45, 0, 0], "uv": [0, 34], "mirror": true}
					]
				},
				{
					"name": "clawsright",
					"parent": "armright",
					"pivot": [-9, 28.5, -5],
					"cubes": [
						{"origin": [-10.5, 20.5, -10], "size": [0, 7, 4], "pivot": [-10.5, 26.5, -5], "rotation": [0, 6, 0], "uv": [0, 76], "mirror": true},
						{"origin": [-9, 20.5, -10], "size": [0, 7, 4], "pivot": [-10.5, 26.5, -5], "rotation": [-22.52779, 2.77145, -1.14895], "uv": [0, 76], "mirror": true},
						{"origin": [-7.5, 20.5, -10], "size": [0, 7, 4], "pivot": [-7.5, 26.5, -5], "rotation": [-45.10922, -3.53329, 3.54002], "uv": [0, 76], "mirror": true},
						{"origin": [-7.29289, 20.08579, -9.29289], "size": [0, 7, 4], "pivot": [-7.5, 28.5, -5], "rotation": [-54.73561, -30, 35.26439], "uv": [9, 76], "mirror": true}
					]
				},
				{
					"name": "tail",
					"parent": "body",
					"pivot": [0, 18, 10],
					"rotation": [12.5, 0, 0],
					"cubes": [
						{"origin": [-2, 8, 10], "size": [4, 12, 4], "uv": [0, 59]}
					]
				},
				{
					"name": "legleft",
					"parent": "all",
					"pivot": [3, 18, 8],
					"cubes": [
						{"origin": [1, 0, 6], "size": [4, 18, 4], "uv": [46, 48]},
						{"origin": [1.5, -1, 3], "size": [0, 3, 3], "pivot": [1.5, 1, 6], "rotation": [0, -10, 0], "uv": [32, 65]},
						{"origin": [3.5, -1, 4], "size": [0, 3, 3], "pivot": [3.5, 1, 6], "rotation": [0, -25, 0], "uv": [32, 65]}
					]
				},
				{
					"name": "legright",
					"parent": "all",
					"pivot": [-3, 18, 8],
					"cubes": [
						{"origin": [-5, 0, 6], "size": [4, 18, 4], "uv": [46, 48], "mirror": true},
						{"origin": [-3.5, -1, 4], "size": [0, 3, 3], "pivot": [-3.5, 1, 6], "rotation": [0, 25, 0], "uv": [32, 65], "mirror": true},
						{"origin": [-1.5, -1, 3], "size": [0, 3, 3], "pivot": [-1.5, 1, 6], "rotation": [0, 10, 0], "uv": [32, 65], "mirror": true}
					]
				}
			]
		}
	]
}