{
	"format_version": "1.8.0",
	"animations": {
		"idle": {
			"loop": true,
			"animation_length": 1,
			"bones": {
				"body": {
					"rotation": {
						"0.0": {
							"vector": [90, 0, 0]
						},
						"1.0": {
							"vector": [90, 0, 0],
							"easing": "easeInOutSine"
						}
					},
					"position": {
						"0.0": {
							"vector": [0, 0, 0]
						},
						"0.5": {
							"vector": [0, -0.25, 0],
							"easing": "easeInOutSine"
						},
						"1.0": {
							"vector": [0, 0, 0],
							"easing": "easeInOutSine"
						}
					}
				},
				"torso": {
					"rotation": {
						"0.0": {
							"vector": [-55, 0, 0]
						},
						"0.5": {
							"vector": [-52.5, 0, 0],
							"easing": "easeInOutSine"
						},
						"1.0": {
							"vector": [-55, 0, 0],
							"easing": "easeInOutSine"
						}
					}
				},
				"head": {
					"rotation": {
						"0.0": {
							"vector": [-35, 0, 0]
						},
						"0.5": {
							"vector": [-40, 0, 0],
							"easing": "easeInOutSine"
						},
						"1.0": {
							"vector": [-35, 0, 0],
							"easing": "easeInOutSine"
						}
					},
					"position": {
						"0.0": {
							"vector": [0, 1, -2]
						},
						"0.5": {
							"vector": [0, 1, -2.75],
							"easing": "easeInOutSine"
						},
						"1.0": {
							"vector": [0, 1, -2],
							"easing": "easeInOutSine"
						}
					}
				},
				"armleft": {
					"rotation": {
						"0.0": {
							"vector": [-35, 0, 0]
						},
						"0.5": {
							"vector": [-40, 0, 0],
							"easing": "easeInOutSine"
						},
						"1.0": {
							"vector": [-35, 0, 0],
							"easing": "easeInOutSine"
						}
					}
				},
				"clawsleft": {
					"rotation": {
						"0.0": {
							"vector": [-65, 0, 0]
						},
						"0.5": {
							"vector": [-80, 0, 0],
							"easing": "easeInOutSine"
						},
						"1.0": {
							"vector": [-65, 0, 0],
							"easing": "easeInOutSine"
						}
					}
				},
				"armright": {
					"rotation": {
						"0.0": {
							"vector": [-35, 0, 0]
						},
						"0.5": {
							"vector": [-40, 0, 0],
							"easing": "easeInOutSine"
						},
						"1.0": {
							"vector": [-35, 0, 0],
							"easing": "easeInOutSine"
						}
					}
				},
				"clawsright": {
					"rotation": {
						"0.0": {
							"vector": [-65, 0, 0]
						},
						"0.5": {
							"vector": [-80, 0, 0],
							"easing": "easeInOutSine"
						},
						"1.0": {
							"vector": [-65, 0, 0],
							"easing": "easeInOutSine"
						}
					}
				},
				"tail": {
					"rotation": {
						"0.0": {
							"vector": [-45, 0, 0]
						},
						"0.5833": {
							"vector": [-50, 0, 0],
							"easing": "easeInOutSine"
						},
						"1.0": {
							"vector": [-45, 0, 0],
							"easing": "easeInOutSine"
						}
					},
					"position": {
						"0.0": {
							"vector": [0, 0, 0]
						},
						"1.0": {
							"vector": [0, 0, 0],
							"easing": "easeInOutSine"
						}
					}
				},
				"all": {
					"rotation": {
						"0.0": {
							"vector": [0, 0, 0]
						},
						"1.0": {
							"vector": [0, 0, 0],
							"easing": "easeInOutSine"
						}
					},
					"position": {
						"0.0": {
							"vector": [0, 0, 0]
						},
						"1.0": {
							"vector": [0, 0, 0],
							"easing": "easeInOutSine"
						}
					}
				},
				"lowerjaw": {
					"rotation": {
						"0.0": {
							"vector": [0, 0, 0]
						},
						"0.5833": {
							"vector": [5, 0, 0],
							"easing": "easeInOutSine"
						},
						"1.0": {
							"vector": [0, 0, 0],
							"easing": "easeInOutSine"
						}
					}
				},
				"legleft": {
					"rotation": {
						"0.0": {
							"vector": [0, 0, 0]
						},
						"1.0": {
							"vector": [0, 0, 0],
							"easing": "easeInOutSine"
						}
					}
				},
				"legright": {
					"rotation": {
						"0.0": {
							"vector": [0, 0, 0]
						},
						"1.0": {
							"vector": [0, 0, 0],
							"easing": "easeInOutSine"
						}
					}
				}
			}
		},
		"walk": {
			"loop": true,
			"animation_length": 1,
			"bones": {
				"body": {
					"rotation": {
						"vector": [90, 0, 0]
					}
				},
				"torso": {
					"rotation": {
						"0.0": {
							"vector": [-55, 0, 0]
						},
						"0.25": {
							"vector": [-45, 0, 0]
						},
						"0.6667": {
							"vector": [-45, 0, 0]
						},
						"1.0": {
							"vector": [-55, 0, 0]
						}
					}
				},
				"head": {
					"rotation": {
						"0.0": {
							"vector": [-44.59039, -22.40972, -2.06754]
						},
						"0.5": {
							"vector": [-55.17544, 14.94159, -1.3378],
							"easing": "easeInBounce"
						},
						"1.0": {
							"vector": [-44.59039, -22.40972, -2.06754],
							"easing": "easeInBounce"
						}
					}
				},
				"armleft": {
					"rotation": {
						"0.0": {
							"vector": [-125, 0, 0]
						},
						"0.5": {
							"vector": [67.5, 0, 0],
							"easing": "easeInOutSine"
						},
						"1.0": {
							"vector": [-125, 0, 0],
							"easing": "easeInOutSine"
						}
					}
				},
				"clawsleft": {
					"rotation": {
						"vector": [-65, 0, 0]
					}
				},
				"armright": {
					"rotation": {
						"0.0": {
							"vector": [-90.83, 0, 0]
						},
						"0.25": {
							"vector": [-135, 0, 0],
							"easing": "easeOutSine"
						},
						"0.75": {
							"vector": [65, 0, 0],
							"easing": "easeInOutSine"
						},
						"1.0": {
							"vector": [-90.83, 0, 0],
							"easing": "easeInSine"
						}
					}
				},
				"clawsright": {
					"rotation": {
						"vector": [-65, 0, 0]
					}
				},
				"tail": {
					"rotation": {
						"0.0": {
							"vector": [45, 0, 0]
						},
						"0.125": {
							"vector": [-67.5, 0, 0],
							"easing": "easeInOutSine"
						},
						"0.375": {
							"vector": [0, 0, 0],
							"easing": "easeInOutSine"
						},
						"0.625": {
							"vector": [-67.5, 0, 0],
							"easing": "easeInOutSine"
						},
						"1.0": {
							"vector": [45, 0, 0],
							"easing": "easeInOutSine"
						}
					},
					"position": {
						"0.0": {
							"vector": [0, 0, 0]
						},
						"0.125": {
							"vector": [0, 0, -3],
							"easing": "easeInOutSine"
						},
						"0.375": {
							"vector": [0, 0, 0],
							"easing": "easeInOutSine"
						},
						"0.625": {
							"vector": [0, 0, -3],
							"easing": "easeInOutSine"
						},
						"1.0": {
							"vector": [0, 0, 0],
							"easing": "easeInOutSine"
						}
					}
				},
				"all": {
					"rotation": {
						"0.0": {
							"vector": [0, 0, -5]
						},
						"0.5": {
							"vector": [0, 0, 5],
							"easing": "easeInOutSine"
						},
						"1.0": {
							"vector": [0, 0, -5],
							"easing": "easeInOutSine"
						}
					},
					"position": {
						"0.0": {
							"vector": [0, -7, 0]
						},
						"0.25": {
							"vector": [0, 0, 0],
							"easing": "easeInOutCubic"
						},
						"0.5": {
							"vector": [0, -7, 0],
							"easing": "easeInOutCubic"
						},
						"0.75": {
							"vector": [0, 0, 0],
							"easing": "easeInOutCubic"
						},
						"1.0": {
							"vector": [0, -7, 0],
							"easing": "easeInOutCubic"
						}
					}
				},
				"lowerjaw": {
					"rotation": {
						"0.0": {
							"vector": [0, 0, 0]
						},
						"0.5": {
							"vector": [30, 0, 0]
						},
						"1.0": {
							"vector": [0, 0, 0]
						}
					}
				},
				"legleft": {
					"rotation": {
						"0.0": {
							"vector": [85, 0, 0]
						},
						"0.5": {
							"vector": [-62.5, 0, 0],
							"easing": "easeInOutSine"
						},
						"1.0": {
							"vector": [85, 0, 0],
							"easing": "easeInOutSine"
						}
					}
				},
				"legright": {
					"rotation": {
						"0.0": {
							"vector": [-60, 0, 0]
						},
						"0.5": {
							"vector": [90, 0, 0],
							"easing": "easeInOutSine"
						},
						"1.0": {
							"vector": [-60, 0, 0],
							"easing": "easeInOutSine"
						}
					}
				}
			}
		}
	},
	"geckolib_format_version": 2
}