{
	"format_version": "1.8.0",
	"animations": {
		"idle": {
			"loop": true,
			"animation_length": 1.5,
			"bones": {
				"all": {
					"position": {
						"0.0": {
							"vector": [0, 0, 0]
						},
						"0.75": {
							"vector": [0, -0.25, 0],
							"easing": "easeInOutSine"
						},
						"1.5": {
							"vector": [0, 0, 0],
							"easing": "easeOutSine"
						}
					}
				},
				"rotor": {
					"rotation": {
						"0.0": {
							"vector": [0, 0, 0]
						},
						"1.5": {
							"vector": [0, -360, 0]
						}
					}
				},
				"shield1": {
					"position": {
						"0.0": {
							"vector": [0, 0, 0],
							"easing": "easeInSine"
						},
						"0.4583": {
							"vector": [0, 3, 0],
							"easing": "easeOutSine"
						},
						"1.0833": {
							"vector": [0, -3, 0],
							"easing": "easeInOutSine"
						},
						"1.5": {
							"vector": [0, 0, 0],
							"easing": "easeInSine"
						}
					}
				},
				"shield2": {
					"position": {
						"0.0": {
							"vector": [0, -3, 0]
						},
						"0.7083": {
							"vector": [0, 3, 0],
							"easing": "easeInOutSine"
						},
						"1.5": {
							"vector": [0, -3, 0],
							"easing": "easeOutSine"
						}
					}
				},
				"shield3": {
					"position": {
						"0.0": {
							"vector": [0, 0, 0]
						},
						"0.375": {
							"vector": [0, -3, 0],
							"easing": "easeOutSine"
						},
						"1.1667": {
							"vector": [0, 3, 0],
							"easing": "easeInOutSine"
						},
						"1.5": {
							"vector": [0, 0, 0],
							"easing": "easeInSine"
						}
					}
				},
				"head": {
					"rotation": {
						"0.0": {
							"vector": [0, 0, 0]
						},
						"0.75": {
							"vector": [1, 0, 0],
							"easing": "easeInOutSine"
						},
						"1.5": {
							"vector": [0, 0, 0],
							"easing": "easeInOutSine"
						}
					},
					"position": {
						"0.0": {
							"vector": [0, 0, 0]
						},
						"1.5": {
							"vector": [0, 0, 0]
						}
					}
				}
			}
		},
		"attack": {
			"loop": true,
			"animation_length": 0.5,
			"bones": {
				"rod": {
					"rotation": {
						"0.0": {
							"vector": [0, 0, 0]
						},
						"0.5": {
							"vector": [0, 360, 0],
							"easing": "easeInOutSine"
						}
					}
				},
				"rotor": {
					"rotation": {
						"0.0": {
							"vector": [0, 0, 0]
						},
						"0.5": {
							"vector": [0, -360, 0],
							"easing": "easeInSine"
						}
					}
				},
				"shield1": {
					"rotation": {
						"0.0": {
							"vector": [0, 0, 0]
						},
						"0.25": {
							"vector": [-90, 0, 0],
							"easing": "easeInSine"
						},
						"0.5": {
							"vector": [0, 0, 0],
							"easing": "easeInSine"
						}
					},
					"position": {
						"0.0": {
							"vector": [0, 0, 0]
						},
						"0.25": {
							"vector": [-5, 0, -2],
							"easing": "easeInSine"
						},
						"0.5": {
							"vector": [0, 0, 0],
							"easing": "easeInSine"
						}
					}
				},
				"shield2": {
					"rotation": {
						"0.0": {
							"vector": [0, 0, 0]
						},
						"0.25": {
							"vector": [-90, 0, 0],
							"easing": "easeInSine"
						},
						"0.5": {
							"vector": [0, 0, 0],
							"easing": "easeInSine"
						}
					},
					"position": {
						"0.0": {
							"vector": [0, -3, 0]
						},
						"0.25": {
							"vector": [5, 1, -2],
							"easing": "easeInSine"
						},
						"0.5": {
							"vector": [0, -3, 0],
							"easing": "easeInSine"
						}
					}
				},
				"shield3": {
					"rotation": {
						"0.0": {
							"vector": [0, 0, 0]
						},
						"0.25": {
							"vector": [90, 0, 0],
							"easing": "easeInSine"
						},
						"0.5": {
							"vector": [0, 0, 0],
							"easing": "easeInSine"
						}
					},
					"position": {
						"0.0": {
							"vector": [0, 0, 0]
						},
						"0.25": {
							"vector": [0, 0, 5],
							"easing": "easeInSine"
						},
						"0.5": {
							"vector": [0, 0, 0],
							"easing": "easeInSine"
						}
					}
				},
				"head": {
					"rotation": {
						"0.0": {
							"vector": [0, 0, 0]
						},
						"0.25": {
							"vector": [5, 0, 0],
							"easing": "easeInOutSine"
						},
						"0.5": {
							"vector": [0, -360, 0],
							"easing": "easeInOutSine"
						}
					}
				}
			}
		}
	},
	"geckolib_format_version": 2
}