{
	"format_version": "1.8.0",
	"animations": {
		"idle": {
			"loop": true,
			"animation_length": 8,
			"bones": {
				"torso": {
					"rotation": {
						"0.0": {
							"vector": [0, 0, 0]
						},
						"2.0": {
							"vector": [2.5, 0, 0],
							"easing": "easeInOutSine"
						},
						"4.0": {
							"vector": [0, 0, 0],
							"easing": "easeInOutSine"
						},
						"6.0": {
							"vector": [2.5, 0, 0],
							"easing": "easeInOutSine"
						},
						"8.0": {
							"vector": [0, 0, 0],
							"easing": "easeInOutSine"
						}
					}
				},
				"head": {
					"rotation": {
						"0.0": {
							"vector": [0, 0, 0]
						},
						"2.0": {
							"vector": [-2.5, 0, 0],
							"easing": "easeInOutSine"
						},
						"3.5": {
							"vector": [0, 0, 0],
							"easing": "easeInOutSine"
						},
						"4.5": {
							"vector": [12.13, 0, 0],
							"easing": "easeInOutSine"
						},
						"5.25": {
							"vector": [12.13, 0, 0],
							"easing": "easeInOutSine"
						},
						"6.0": {
							"vector": [-2.5, 0, 0],
							"easing": "easeInSine"
						},
						"8.0": {
							"vector": [0, 0, 0],
							"easing": "easeInOutSine"
						}
					}
				},
				"zombiearmleft": {
					"rotation": {
						"0.0": {
							"vector": [0, 0, 0]
						},
						"3.0": {
							"vector": [0, 0, 0],
							"easing": "easeInOutSine"
						},
						"4.5": {
							"vector": [-7.5, 0, 0],
							"easing": "easeInOutSine"
						},
						"6.0": {
							"vector": [0, 0, 0],
							"easing": "easeInOutSine"
						}
					}
				},
				"zombiearmright": {
					"rotation": {
						"0.0": {
							"vector": [0, 0, 0]
						},
						"3.0": {
							"vector": [0, 0, 0],
							"easing": "easeInOutSine"
						},
						"4.5": {
							"vector": [-7.5, 0, 0],
							"easing": "easeInOutSine"
						},
						"6.0": {
							"vector": [0, 0, 0],
							"easing": "easeInOutSine"
						}
					}
				},
				"mouthsaddleleft": {
					"rotation": {
						"0.0": {
							"vector": [0, 0, 0]
						},
						"2.0": {
							"vector": [-1, 0, 0],
							"easing": "easeInOutSine"
						},
						"3.0": {
							"vector": [0, 0, 0],
							"easing": "easeInOutSine"
						},
						"4.5": {
							"vector": [-10.25, 0, 0],
							"easing": "easeInOutSine"
						},
						"6.0": {
							"vector": [-0.5, 0, 0],
							"easing": "easeInOutSine"
						},
						"7.0": {
							"vector": [-1, 0, 0],
							"easing": "easeInOutSine"
						},
						"8.0": {
							"vector": [0, 0, 0],
							"easing": "easeInOutSine"
						}
					},
					"position": {
						"0.0": {
							"vector": [0, 0, 0]
						},
						"3.0": {
							"vector": [0, 0, 0],
							"easing": "easeInOutSine"
						},
						"4.5": {
							"vector": [0, 1, -1],
							"easing": "easeInOutSine"
						},
						"6.0": {
							"vector": [0, 0, 0],
							"easing": "easeInOutSine"
						}
					}
				},
				"mouthsaddleright": {
					"rotation": {
						"0.0": {
							"vector": [0, 0, 0]
						},
						"2.0": {
							"vector": [-1, 0, 0],
							"easing": "easeInOutSine"
						},
						"3.0": {
							"vector": [0, 0, 0],
							"easing": "easeInOutSine"
						},
						"4.5": {
							"vector": [-10.25, 0, 0],
							"easing": "easeInOutSine"
						},
						"6.0": {
							"vector": [-0.5, 0, 0],
							"easing": "easeInOutSine"
						},
						"7.0": {
							"vector": [-1, 0, 0],
							"easing": "easeInOutSine"
						},
						"8.0": {
							"vector": [0, 0, 0],
							"easing": "easeInOutSine"
						}
					},
					"position": {
						"0.0": {
							"vector": [0, 0, 0]
						},
						"3.0": {
							"vector": [0, 0, 0],
							"easing": "easeInOutSine"
						},
						"4.5": {
							"vector": [0, 1, -1],
							"easing": "easeInOutSine"
						},
						"6.0": {
							"vector": [0, 0, 0],
							"easing": "easeInOutSine"
						}
					}
				},
				"neck": {
					"rotation": {
						"0.0": {
							"vector": [0, 0, 0]
						},
						"2.0": {
							"vector": [2.5, 0, 0],
							"easing": "easeInOutSine"
						},
						"4.0": {
							"vector": [0, 0, 0],
							"easing": "easeInOutSine"
						},
						"6.0": {
							"vector": [2.5, 0, 0],
							"easing": "easeInOutSine"
						},
						"8.0": {
							"vector": [0, 0, 0],
							"easing": "easeInOutSine"
						}
					}
				},
				"horsehead": {
					"rotation": {
						"0.0": {
							"vector": [0, 0, 0]
						},
						"3.0": {
							"vector": [0, 0, 0],
							"easing": "easeInOutSine"
						},
						"4.5": {
							"vector": [22.5, 0, 0],
							"easing": "easeInOutSine"
						},
						"6.0": {
							"vector": [0, 0, 0],
							"easing": "easeInOutSine"
						},
						"8.0": {
							"vector": [0, 0, 0],
							"easing": "easeInOutSine"
						}
					}
				},
				"earleft": {
					"rotation": {
						"1.0": {
							"vector": [0, 0, 0]
						},
						"1.1667": {
							"vector": [45, 0, 0]
						},
						"1.3333": {
							"vector": [0, 0, 0]
						}
					}
				},
				"tail": {
					"rotation": {
						"0.0": {
							"vector": [0, 0, 0]
						},
						"2.5": {
							"vector": [-2.5, 0, 0],
							"easing": "easeInOutSine"
						},
						"3.125": {
							"vector": [-0.83, 0, 0]
						},
						"3.25": {
							"vector": [-10.56, 0, 0]
						},
						"3.4583": {
							"vector": [-0.28, 0, 0]
						},
						"3.625": {
							"vector": [0, 0, 0]
						},
						"6.5": {
							"vector": [-2.5, 0, 0],
							"easing": "easeInOutSine"
						},
						"8.0": {
							"vector": [0, 0, 0],
							"easing": "easeInOutSine"
						}
					}
				}
			}
		},
		"walk": {
			"loop": true,
			"animation_length": 0.5,
			"bones": {
				"all": {
					"rotation": {
						"0.0": {
							"vector": [-5, 0, 0],
							"easing": "easeInOutCubic"
						},
						"0.25": {
							"vector": [7.5, 0, 0],
							"easing": "easeInSine"
						},
						"0.5": {
							"vector": [-5, 0, 0],
							"easing": "easeInOutCubic"
						}
					},
					"position": {
						"0.0": {
							"vector": [0, 1, 0]
						},
						"0.25": {
							"vector": [0, 0, 1],
							"easing": "easeInSine"
						},
						"0.5": {
							"vector": [0, 1, 0],
							"easing": "easeInSine"
						}
					}
				},
				"torso": {
					"rotation": {
						"0.0": {
							"vector": [12.5, 0, 0]
						},
						"0.3333": {
							"vector": [10, 0, 0],
							"easing": "easeInCubic"
						},
						"0.5": {
							"vector": [12.5, 0, 0]
						}
					}
				},
				"head": {
					"rotation": {
						"0.0": {
							"vector": [-7.5, 0, 0],
							"easing": "easeInOutSine"
						},
						"0.5": {
							"vector": [-7.5, 0, 0],
							"easing": "easeInOutSine"
						}
					},
					"position": {
						"0.0": {
							"vector": [0, 0, 0]
						},
						"0.3333": {
							"vector": [0, 0, -1],
							"easing": "easeInOutSine"
						},
						"0.5": {
							"vector": [0, 0, 0],
							"easing": "easeInOutQuint"
						}
					}
				},
				"zombiearmleft": {
					"rotation": {
						"0.0": {
							"vector": [-7.5, 0, 0]
						},
						"0.25": {
							"vector": [2.5, 0, 0],
							"easing": "easeInOutSine"
						},
						"0.5": {
							"vector": [-7.5, 0, 0],
							"easing": "easeInOutSine"
						}
					}
				},
				"zombiearmright": {
					"rotation": {
						"0.0": {
							"vector": [-7.5, 0, 0]
						},
						"0.25": {
							"vector": [2.5, 0, 0],
							"easing": "easeInOutSine"
						},
						"0.5": {
							"vector": [-7.5, 0, 0],
							"easing": "easeInOutSine"
						}
					}
				},
				"zombielegleft": {
					"rotation": {
						"0.0": {
							"vector": [-22.5, 0, 0]
						},
						"0.2083": {
							"vector": [-12.74183, -6.0484, -16.84025],
							"easing": "easeInOutSine"
						},
						"0.3333": {
							"vector": [0, -22.5, 0],
							"easing": "easeInOutSine"
						},
						"0.5": {
							"vector": [-22.5, 0, 0],
							"easing": "easeInOutSine"
						}
					}
				},
				"zombielegright": {
					"rotation": {
						"0.0": {
							"vector": [-22.5, 0, 0]
						},
						"0.2083": {
							"vector": [-9.08065, 17.3016, -18.32678],
							"easing": "easeInOutSine"
						},
						"0.3333": {
							"vector": [0, 22.5, 0],
							"easing": "easeInOutSine"
						},
						"0.5": {
							"vector": [-22.5, 0, 0],
							"easing": "easeInOutSine"
						}
					}
				},
				"neck": {
					"rotation": {
						"vector": [22.5, 0, 0]
					}
				},
				"horsehead": {
					"rotation": {
						"0.0": {
							"vector": [-12.5, 0, 0]
						},
						"0.25": {
							"vector": [-22.5, 0, 0],
							"easing": "easeInOutSine"
						},
						"0.5": {
							"vector": [-12.5, 0, 0],
							"easing": "easeInOutSine"
						}
					}
				},
				"bagright": {
					"rotation": {
						"0.0": {
							"vector": [22.5, 0, 0]
						},
						"0.125": {
							"vector": [38.06, 0, 0],
							"easing": "easeOutSine"
						},
						"0.3333": {
							"vector": [0, 0, 0],
							"easing": "easeInOutSine"
						},
						"0.5": {
							"vector": [22.5, 0, 0],
							"easing": "easeInSine"
						}
					}
				},
				"bagleft": {
					"rotation": {
						"0.0": {
							"vector": [22.5, 0, 0]
						},
						"0.125": {
							"vector": [38.06, 0, 0],
							"easing": "easeOutSine"
						},
						"0.3333": {
							"vector": [0, 0, 0],
							"easing": "easeInOutSine"
						},
						"0.5": {
							"vector": [22.5, 0, 0],
							"easing": "easeInSine"
						}
					}
				},
				"legfrontleft": {
					"rotation": {
						"0.0": {
							"vector": [-67.5, 0, 0]
						},
						"0.3333": {
							"vector": [22.5, 0, 0],
							"easing": "easeOutElastic"
						},
						"0.5": {
							"vector": [-67.5, 0, 0],
							"easing": "easeInOutSine"
						}
					}
				},
				"legfrontright": {
					"rotation": {
						"0.0": {
							"vector": [-112.5, 0, 0]
						},
						"0.3333": {
							"vector": [45, 0, 0],
							"easing": "easeOutElastic"
						},
						"0.5": {
							"vector": [-112.5, 0, 0],
							"easing": "easeInOutSine"
						}
					}
				},
				"legbackleft": {
					"rotation": {
						"0.0": {
							"vector": [67.5, 0, 0]
						},
						"0.2083": {
							"vector": [-22.18909, -0.6856, 3.82478],
							"easing": "easeInSine"
						},
						"0.5": {
							"vector": [67.5, 0, 0],
							"easing": "easeInOutSine"
						}
					}
				},
				"legbackright": {
					"rotation": {
						"0.0": {
							"vector": [92.5, 0, 0]
						},
						"0.2917": {
							"vector": [-45, 0, 0],
							"easing": "easeInSine"
						},
						"0.5": {
							"vector": [92.5, 0, 0],
							"easing": "easeOutSine"
						}
					}
				},
				"tail": {
					"rotation": {
						"0.0": {
							"vector": [0, 0, 0]
						},
						"0.25": {
							"vector": [22.5, 0, 0],
							"easing": "easeInOutSine"
						},
						"0.5": {
							"vector": [0, 0, 0],
							"easing": "easeInOutSine"
						}
					}
				}
			}
		},
		"panicked": {
			"loop": true,
			"animation_length": 3,
			"bones": {
				"all": {
					"rotation": {
						"0.0": {
							"vector": [-5, 0, -5],
							"easing": "easeInOutCubic"
						},
						"0.25": {
							"vector": [7.5, 0, 5],
							"easing": "easeInSine"
						},
						"0.5": {
							"vector": [-5, 0, -5],
							"easing": "easeInOutCubic"
						},
						"0.75": {
							"vector": [7.5, 0, 5],
							"easing": "easeInSine"
						},
						"1.0": {
							"vector": [-5, 0, -5],
							"easing": "easeInOutCubic"
						},
						"1.25": {
							"vector": [7.5, 0, 5],
							"easing": "easeInSine"
						},
						"1.5": {
							"vector": [-5, 0, -5],
							"easing": "easeInOutCubic"
						},
						"1.75": {
							"vector": [7.5, 0, 5],
							"easing": "easeInSine"
						},
						"2.0": {
							"vector": [-5, 0, -5],
							"easing": "easeInOutCubic"
						},
						"2.25": {
							"vector": [7.5, 0, 5],
							"easing": "easeInSine"
						},
						"2.5": {
							"vector": [-5, 0, -5],
							"easing": "easeInOutCubic"
						},
						"2.75": {
							"vector": [7.5, 0, 5],
							"easing": "easeInSine"
						},
						"3.0": {
							"vector": [-5, 0, -5],
							"easing": "easeInOutCubic"
						}
					},
					"position": {
						"0.0": {
							"vector": [0, 1, 0]
						},
						"0.25": {
							"vector": [0, 0, 1],
							"easing": "easeInSine"
						},
						"0.5": {
							"vector": [0, 1, 0],
							"easing": "easeInSine"
						},
						"0.75": {
							"vector": [0, 0, 1],
							"easing": "easeInSine"
						},
						"1.0": {
							"vector": [0, 1, 0],
							"easing": "easeInSine"
						},
						"1.25": {
							"vector": [0, 0, 1],
							"easing": "easeInSine"
						},
						"1.5": {
							"vector": [0, 1, 0],
							"easing": "easeInSine"
						},
						"1.75": {
							"vector": [0, 0, 1],
							"easing": "easeInSine"
						},
						"2.0": {
							"vector": [0, 1, 0],
							"easing": "easeInSine"
						},
						"2.25": {
							"vector": [0, 0, 1],
							"easing": "easeInSine"
						},
						"2.5": {
							"vector": [0, 1, 0],
							"easing": "easeInSine"
						},
						"2.75": {
							"vector": [0, 0, 1],
							"easing": "easeInSine"
						},
						"3.0": {
							"vector": [0, 1, 0],
							"easing": "easeInSine"
						}
					}
				},
				"torso": {
					"rotation": {
						"0.0": {
							"vector": [12.5, 0, 0]
						},
						"0.3333": {
							"vector": [10, 0, 0],
							"easing": "easeInCubic"
						},
						"0.5": {
							"vector": [12.5, 0, 0]
						},
						"0.8333": {
							"vector": [10, 0, 0],
							"easing": "easeInCubic"
						},
						"1.0": {
							"vector": [12.5, 0, 0]
						},
						"1.3333": {
							"vector": [10, 0, 0],
							"easing": "easeInCubic"
						},
						"1.5": {
							"vector": [12.5, 0, 0]
						},
						"1.8333": {
							"vector": [10, 0, 0],
							"easing": "easeInCubic"
						},
						"2.0": {
							"vector": [12.5, 0, 0]
						},
						"2.3333": {
							"vector": [10, 0, 0],
							"easing": "easeInCubic"
						},
						"2.5": {
							"vector": [12.5, 0, 0]
						},
						"2.8333": {
							"vector": [10, 0, 0],
							"easing": "easeInCubic"
						},
						"3.0": {
							"vector": [12.5, 0, 0]
						}
					}
				},
				"head": {
					"rotation": {
						"vector": [5, 0, 0],
						"easing": "easeInOutSine"
					},
					"position": {
						"0.0": {
							"vector": [0, 0, 0]
						},
						"0.3333": {
							"vector": [0, 0, -1],
							"easing": "easeInOutSine"
						},
						"0.5": {
							"vector": [0, 0, 0],
							"easing": "easeInOutQuint"
						},
						"0.8333": {
							"vector": [0, 0, -1],
							"easing": "easeInOutSine"
						},
						"1.0": {
							"vector": [0, 0, 0],
							"easing": "easeInOutQuint"
						},
						"1.3333": {
							"vector": [0, 0, -1],
							"easing": "easeInOutSine"
						},
						"1.5": {
							"vector": [0, 0, 0],
							"easing": "easeInOutQuint"
						},
						"1.8333": {
							"vector": [0, 0, -1],
							"easing": "easeInOutSine"
						},
						"2.0": {
							"vector": [0, 0, 0],
							"easing": "easeInOutQuint"
						},
						"2.3333": {
							"vector": [0, 0, -1],
							"easing": "easeInOutSine"
						},
						"2.5": {
							"vector": [0, 0, 0],
							"easing": "easeInOutQuint"
						},
						"2.8333": {
							"vector": [0, 0, -1],
							"easing": "easeInOutSine"
						},
						"3.0": {
							"vector": [0, 0, 0],
							"easing": "easeInOutQuint"
						}
					}
				},
				"zombiearmleft": {
					"rotation": {
						"0.0": {
							"vector": [-29.31495, -15.79674, -0.86593]
						},
						"0.25": {
							"vector": [5.77174, 24.7928, 2.58825],
							"easing": "easeInOutSine"
						},
						"0.5": {
							"vector": [-29.31495, -15.79674, -0.86593],
							"easing": "easeInOutSine"
						},
						"0.75": {
							"vector": [5.77174, 24.7928, 2.58825],
							"easing": "easeInOutSine"
						},
						"1.0": {
							"vector": [-29.31495, -15.79674, -0.86593],
							"easing": "easeInOutSine"
						},
						"1.25": {
							"vector": [5.77174, 24.7928, 2.58825],
							"easing": "easeInOutSine"
						},
						"1.5": {
							"vector": [-29.31495, -15.79674, -0.86593],
							"easing": "easeInOutSine"
						},
						"1.75": {
							"vector": [5.77174, 24.7928, 2.58825],
							"easing": "easeInOutSine"
						},
						"2.0": {
							"vector": [-29.31495, -15.79674, -0.86593],
							"easing": "easeInOutSine"
						},
						"2.25": {
							"vector": [5.77174, 24.7928, 2.58825],
							"easing": "easeInOutSine"
						},
						"2.5": {
							"vector": [-29.31495, -15.79674, -0.86593],
							"easing": "easeInOutSine"
						},
						"2.75": {
							"vector": [5.77174, 24.7928, 2.58825],
							"easing": "easeInOutSine"
						},
						"3.0": {
							"vector": [-29.31495, -15.79674, -0.86593],
							"easing": "easeInOutSine"
						}
					}
				},
				"zombiearmright": {
					"rotation": {
						"0.0": {
							"vector": [-8.87221, -32.18826, 4.75346]
						},
						"0.25": {
							"vector": [-25.6469, 14.0761, -5.23619],
							"easing": "easeInOutSine"
						},
						"0.5": {
							"vector": [-8.87221, -32.18826, 4.75346],
							"easing": "easeInOutSine"
						},
						"0.75": {
							"vector": [-25.6469, 14.0761, -5.23619],
							"easing": "easeInOutSine"
						},
						"1.0": {
							"vector": [-8.87221, -32.18826, 4.75346],
							"easing": "easeInOutSine"
						},
						"1.25": {
							"vector": [-25.6469, 14.0761, -5.23619],
							"easing": "easeInOutSine"
						},
						"1.5": {
							"vector": [-8.87221, -32.18826, 4.75346],
							"easing": "easeInOutSine"
						},
						"1.75": {
							"vector": [-25.6469, 14.0761, -5.23619],
							"easing": "easeInOutSine"
						},
						"2.0": {
							"vector": [-8.87221, -32.18826, 4.75346],
							"easing": "easeInOutSine"
						},
						"2.25": {
							"vector": [-25.6469, 14.0761, -5.23619],
							"easing": "easeInOutSine"
						},
						"2.5": {
							"vector": [-8.87221, -32.18826, 4.75346],
							"easing": "easeInOutSine"
						},
						"2.75": {
							"vector": [-25.6469, 14.0761, -5.23619],
							"easing": "easeInOutSine"
						},
						"3.0": {
							"vector": [-8.87221, -32.18826, 4.75346],
							"easing": "easeInOutSine"
						}
					}
				},
				"zombielegleft": {
					"rotation": {
						"0.0": {
							"vector": [-22.5, 0, 0]
						},
						"0.2083": {
							"vector": [-12.74183, -6.0484, -16.84025],
							"easing": "easeInOutSine"
						},
						"0.3333": {
							"vector": [0, -22.5, 0],
							"easing": "easeInOutSine"
						},
						"0.5": {
							"vector": [-22.5, 0, 0],
							"easing": "easeInOutSine"
						},
						"0.7083": {
							"vector": [-12.74183, -6.0484, -16.84025],
							"easing": "easeInOutSine"
						},
						"0.8333": {
							"vector": [0, -22.5, 0],
							"easing": "easeInOutSine"
						},
						"1.0": {
							"vector": [-22.5, 0, 0],
							"easing": "easeInOutSine"
						},
						"1.2083": {
							"vector": [-12.74183, -6.0484, -16.84025],
							"easing": "easeInOutSine"
						},
						"1.3333": {
							"vector": [0, -22.5, 0],
							"easing": "easeInOutSine"
						},
						"1.5": {
							"vector": [-22.5, 0, 0],
							"easing": "easeInOutSine"
						},
						"1.7083": {
							"vector": [-12.74183, -6.0484, -16.84025],
							"easing": "easeInOutSine"
						},
						"1.8333": {
							"vector": [0, -22.5, 0],
							"easing": "easeInOutSine"
						},
						"2.0": {
							"vector": [-22.5, 0, 0],
							"easing": "easeInOutSine"
						},
						"2.2083": {
							"vector": [-12.74183, -6.0484, -16.84025],
							"easing": "easeInOutSine"
						},
						"2.3333": {
							"vector": [0, -22.5, 0],
							"easing": "easeInOutSine"
						},
						"2.5": {
							"vector": [-22.5, 0, 0],
							"easing": "easeInOutSine"
						},
						"2.7083": {
							"vector": [-12.74183, -6.0484, -16.84025],
							"easing": "easeInOutSine"
						},
						"2.8333": {
							"vector": [0, -22.5, 0],
							"easing": "easeInOutSine"
						},
						"3.0": {
							"vector": [-22.5, 0, 0],
							"easing": "easeInOutSine"
						}
					}
				},
				"zombielegright": {
					"rotation": {
						"0.0": {
							"vector": [-22.5, 0, 0]
						},
						"0.2083": {
							"vector": [-9.08065, 17.3016, -18.32678],
							"easing": "easeInOutSine"
						},
						"0.3333": {
							"vector": [0, 22.5, 0],
							"easing": "easeInOutSine"
						},
						"0.5": {
							"vector": [-22.5, 0, 0],
							"easing": "easeInOutSine"
						},
						"0.7083": {
							"vector": [-9.08065, 17.3016, -18.32678],
							"easing": "easeInOutSine"
						},
						"0.8333": {
							"vector": [0, 22.5, 0],
							"easing": "easeInOutSine"
						},
						"1.0": {
							"vector": [-22.5, 0, 0],
							"easing": "easeInOutSine"
						},
						"1.2083": {
							"vector": [-9.08065, 17.3016, -18.32678],
							"easing": "easeInOutSine"
						},
						"1.3333": {
							"vector": [0, 22.5, 0],
							"easing": "easeInOutSine"
						},
						"1.5": {
							"vector": [-22.5, 0, 0],
							"easing": "easeInOutSine"
						},
						"1.7083": {
							"vector": [-9.08065, 17.3016, -18.32678],
							"easing": "easeInOutSine"
						},
						"1.8333": {
							"vector": [0, 22.5, 0],
							"easing": "easeInOutSine"
						},
						"2.0": {
							"vector": [-22.5, 0, 0],
							"easing": "easeInOutSine"
						},
						"2.2083": {
							"vector": [-9.08065, 17.3016, -18.32678],
							"easing": "easeInOutSine"
						},
						"2.3333": {
							"vector": [0, 22.5, 0],
							"easing": "easeInOutSine"
						},
						"2.5": {
							"vector": [-22.5, 0, 0],
							"easing": "easeInOutSine"
						},
						"2.7083": {
							"vector": [-9.08065, 17.3016, -18.32678],
							"easing": "easeInOutSine"
						},
						"2.8333": {
							"vector": [0, 22.5, 0],
							"easing": "easeInOutSine"
						},
						"3.0": {
							"vector": [-22.5, 0, 0],
							"easing": "easeInOutSine"
						}
					}
				},
				"neck": {
					"rotation": {
						"vector": [22.5, 0, 0]
					}
				},
				"horsehead": {
					"rotation": {
						"0.0": {
							"vector": [-8.90928, -8.80348, -44.31282]
						},
						"0.25": {
							"vector": [-16.32495, 15.69986, 42.73421],
							"easing": "easeInOutSine"
						},
						"0.5": {
							"vector": [-8.90928, -8.80348, -44.31282],
							"easing": "easeInOutSine"
						},
						"0.75": {
							"vector": [-16.32495, 15.69986, 42.73421],
							"easing": "easeInOutSine"
						},
						"1.0": {
							"vector": [-8.90928, -8.80348, -44.31282],
							"easing": "easeInOutSine"
						},
						"1.25": {
							"vector": [-16.32495, 15.69986, 42.73421],
							"easing": "easeInOutSine"
						},
						"1.5": {
							"vector": [-8.90928, -8.80348, -44.31282],
							"easing": "easeInOutSine"
						},
						"1.75": {
							"vector": [-16.32495, 15.69986, 42.73421],
							"easing": "easeInOutSine"
						},
						"2.0": {
							"vector": [-8.90928, -8.80348, -44.31282],
							"easing": "easeInOutSine"
						},
						"2.25": {
							"vector": [-16.32495, 15.69986, 42.73421],
							"easing": "easeInOutSine"
						},
						"2.5": {
							"vector": [-8.90928, -8.80348, -44.31282],
							"easing": "easeInOutSine"
						},
						"2.75": {
							"vector": [-16.32495, 15.69986, 42.73421],
							"easing": "easeInOutSine"
						},
						"3.0": {
							"vector": [-8.90928, -8.80348, -44.31282],
							"easing": "easeInOutSine"
						}
					}
				},
				"bagright": {
					"rotation": {
						"0.0": {
							"vector": [22.5, 0, 0]
						},
						"0.125": {
							"vector": [38.06, 0, 0],
							"easing": "easeOutSine"
						},
						"0.3333": {
							"vector": [0, 0, 0],
							"easing": "easeInOutSine"
						},
						"0.5": {
							"vector": [22.5, 0, 0],
							"easing": "easeInSine"
						},
						"0.625": {
							"vector": [38.06, 0, 0],
							"easing": "easeOutSine"
						},
						"0.8333": {
							"vector": [0, 0, 0],
							"easing": "easeInOutSine"
						},
						"1.0": {
							"vector": [22.5, 0, 0],
							"easing": "easeInSine"
						},
						"1.125": {
							"vector": [38.06, 0, 0],
							"easing": "easeOutSine"
						},
						"1.3333": {
							"vector": [0, 0, 0],
							"easing": "easeInOutSine"
						},
						"1.5": {
							"vector": [22.5, 0, 0],
							"easing": "easeInSine"
						},
						"1.625": {
							"vector": [38.06, 0, 0],
							"easing": "easeOutSine"
						},
						"1.8333": {
							"vector": [0, 0, 0],
							"easing": "easeInOutSine"
						},
						"2.0": {
							"vector": [22.5, 0, 0],
							"easing": "easeInSine"
						},
						"2.125": {
							"vector": [38.06, 0, 0],
							"easing": "easeOutSine"
						},
						"2.3333": {
							"vector": [0, 0, 0],
							"easing": "easeInOutSine"
						},
						"2.5": {
							"vector": [22.5, 0, 0],
							"easing": "easeInSine"
						},
						"2.625": {
							"vector": [38.06, 0, 0],
							"easing": "easeOutSine"
						},
						"2.8333": {
							"vector": [0, 0, 0],
							"easing": "easeInOutSine"
						},
						"3.0": {
							"vector": [22.5, 0, 0],
							"easing": "easeInSine"
						}
					}
				},
				"bagleft": {
					"rotation": {
						"0.0": {
							"vector": [22.5, 0, 0]
						},
						"0.125": {
							"vector": [38.06, 0, 0],
							"easing": "easeOutSine"
						},
						"0.3333": {
							"vector": [0, 0, 0],
							"easing": "easeInOutSine"
						},
						"0.5": {
							"vector": [22.5, 0, 0],
							"easing": "easeInSine"
						},
						"0.625": {
							"vector": [38.06, 0, 0],
							"easing": "easeOutSine"
						},
						"0.8333": {
							"vector": [0, 0, 0],
							"easing": "easeInOutSine"
						},
						"1.0": {
							"vector": [22.5, 0, 0],
							"easing": "easeInSine"
						},
						"1.125": {
							"vector": [38.06, 0, 0],
							"easing": "easeOutSine"
						},
						"1.3333": {
							"vector": [0, 0, 0],
							"easing": "easeInOutSine"
						},
						"1.5": {
							"vector": [22.5, 0, 0],
							"easing": "easeInSine"
						},
						"1.625": {
							"vector": [38.06, 0, 0],
							"easing": "easeOutSine"
						},
						"1.8333": {
							"vector": [0, 0, 0],
							"easing": "easeInOutSine"
						},
						"2.0": {
							"vector": [22.5, 0, 0],
							"easing": "easeInSine"
						},
						"2.125": {
							"vector": [38.06, 0, 0],
							"easing": "easeOutSine"
						},
						"2.3333": {
							"vector": [0, 0, 0],
							"easing": "easeInOutSine"
						},
						"2.5": {
							"vector": [22.5, 0, 0],
							"easing": "easeInSine"
						},
						"2.625": {
							"vector": [38.06, 0, 0],
							"easing": "easeOutSine"
						},
						"2.8333": {
							"vector": [0, 0, 0],
							"easing": "easeInOutSine"
						},
						"3.0": {
							"vector": [22.5, 0, 0],
							"easing": "easeInSine"
						}
					}
				},
				"legfrontleft": {
					"rotation": {
						"0.0": {
							"vector": [-67.5, 0, 0]
						},
						"0.3333": {
							"vector": [22.5, 0, 0],
							"easing": "easeOutElastic"
						},
						"0.5": {
							"vector": [-67.5, 0, 0],
							"easing": "easeInOutSine"
						},
						"0.8333": {
							"vector": [22.5, 0, 0],
							"easing": "easeOutElastic"
						},
						"1.0": {
							"vector": [-67.5, 0, 0],
							"easing": "easeInOutSine"
						},
						"1.3333": {
							"vector": [22.5, 0, 0],
							"easing": "easeOutElastic"
						},
						"1.5": {
							"vector": [-67.5, 0, 0],
							"easing": "easeInOutSine"
						},
						"1.8333": {
							"vector": [22.5, 0, 0],
							"easing": "easeOutElastic"
						},
						"2.0": {
							"vector": [-67.5, 0, 0],
							"easing": "easeInOutSine"
						},
						"2.3333": {
							"vector": [22.5, 0, 0],
							"easing": "easeOutElastic"
						},
						"2.5": {
							"vector": [-67.5, 0, 0],
							"easing": "easeInOutSine"
						},
						"2.8333": {
							"vector": [22.5, 0, 0],
							"easing": "easeOutElastic"
						},
						"3.0": {
							"vector": [-67.5, 0, 0],
							"easing": "easeInOutSine"
						}
					}
				},
				"legfrontright": {
					"rotation": {
						"0.0": {
							"vector": [-112.5, 0, 0]
						},
						"0.3333": {
							"vector": [45, 0, 0],
							"easing": "easeOutElastic"
						},
						"0.5": {
							"vector": [-112.5, 0, 0],
							"easing": "easeInOutSine"
						},
						"0.8333": {
							"vector": [45, 0, 0],
							"easing": "easeOutElastic"
						},
						"1.0": {
							"vector": [-112.5, 0, 0],
							"easing": "easeInOutSine"
						},
						"1.3333": {
							"vector": [45, 0, 0],
							"easing": "easeOutElastic"
						},
						"1.5": {
							"vector": [-112.5, 0, 0],
							"easing": "easeInOutSine"
						},
						"1.8333": {
							"vector": [45, 0, 0],
							"easing": "easeOutElastic"
						},
						"2.0": {
							"vector": [-112.5, 0, 0],
							"easing": "easeInOutSine"
						},
						"2.3333": {
							"vector": [45, 0, 0],
							"easing": "easeOutElastic"
						},
						"2.5": {
							"vector": [-112.5, 0, 0],
							"easing": "easeInOutSine"
						},
						"2.8333": {
							"vector": [45, 0, 0],
							"easing": "easeOutElastic"
						},
						"3.0": {
							"vector": [-112.5, 0, 0],
							"easing": "easeInOutSine"
						}
					}
				},
				"legbackleft": {
					"rotation": {
						"0.0": {
							"vector": [67.5, 0, 0]
						},
						"0.2083": {
							"vector": [-22.18909, -0.6856, 3.82478],
							"easing": "easeInSine"
						},
						"0.5": {
							"vector": [67.5, 0, 0],
							"easing": "easeInOutSine"
						},
						"0.7083": {
							"vector": [-22.18909, -0.6856, 3.82478],
							"easing": "easeInSine"
						},
						"1.0": {
							"vector": [67.5, 0, 0],
							"easing": "easeInOutSine"
						},
						"1.2083": {
							"vector": [-22.18909, -0.6856, 3.82478],
							"easing": "easeInSine"
						},
						"1.5": {
							"vector": [67.5, 0, 0],
							"easing": "easeInOutSine"
						},
						"1.7083": {
							"vector": [-22.18909, -0.6856, 3.82478],
							"easing": "easeInSine"
						},
						"2.0": {
							"vector": [67.5, 0, 0],
							"easing": "easeInOutSine"
						},
						"2.2083": {
							"vector": [-22.18909, -0.6856, 3.82478],
							"easing": "easeInSine"
						},
						"2.5": {
							"vector": [67.5, 0, 0],
							"easing": "easeInOutSine"
						},
						"2.7083": {
							"vector": [-22.18909, -0.6856, 3.82478],
							"easing": "easeInSine"
						},
						"3.0": {
							"vector": [67.5, 0, 0],
							"easing": "easeInOutSine"
						}
					}
				},
				"legbackright": {
					"rotation": {
						"0.0": {
							"vector": [92.5, 0, 0]
						},
						"0.2917": {
							"vector": [-45, 0, 0],
							"easing": "easeInSine"
						},
						"0.5": {
							"vector": [92.5, 0, 0],
							"easing": "easeOutSine"
						},
						"0.7917": {
							"vector": [-45, 0, 0],
							"easing": "easeInSine"
						},
						"1.0": {
							"vector": [92.5, 0, 0],
							"easing": "easeOutSine"
						},
						"1.2917": {
							"vector": [-45, 0, 0],
							"easing": "easeInSine"
						},
						"1.5": {
							"vector": [92.5, 0, 0],
							"easing": "easeOutSine"
						},
						"1.7917": {
							"vector": [-45, 0, 0],
							"easing": "easeInSine"
						},
						"2.0": {
							"vector": [92.5, 0, 0],
							"easing": "easeOutSine"
						},
						"2.2917": {
							"vector": [-45, 0, 0],
							"easing": "easeInSine"
						},
						"2.5": {
							"vector": [92.5, 0, 0],
							"easing": "easeOutSine"
						},
						"2.7917": {
							"vector": [-45, 0, 0],
							"easing": "easeInSine"
						},
						"3.0": {
							"vector": [92.5, 0, 0],
							"easing": "easeOutSine"
						}
					}
				},
				"tail": {
					"rotation": {
						"0.0": {
							"vector": [112.5, 0, 0]
						},
						"0.25": {
							"vector": [0, 0, 0],
							"easing": "easeInOutQuint"
						},
						"0.5": {
							"vector": [112.5, 0, 0],
							"easing": "easeInOutSine"
						},
						"0.75": {
							"vector": [0, 0, 0],
							"easing": "easeInOutQuint"
						},
						"1.0": {
							"vector": [112.5, 0, 0],
							"easing": "easeInOutSine"
						},
						"1.25": {
							"vector": [0, 0, 0],
							"easing": "easeInOutQuint"
						},
						"1.5": {
							"vector": [112.5, 0, 0],
							"easing": "easeInOutSine"
						},
						"1.75": {
							"vector": [0, 0, 0],
							"easing": "easeInOutQuint"
						},
						"2.0": {
							"vector": [112.5, 0, 0],
							"easing": "easeInOutSine"
						},
						"2.25": {
							"vector": [0, 0, 0],
							"easing": "easeInOutQuint"
						},
						"2.5": {
							"vector": [112.5, 0, 0],
							"easing": "easeInOutSine"
						},
						"2.75": {
							"vector": [0, 0, 0],
							"easing": "easeInOutQuint"
						},
						"3.0": {
							"vector": [112.5, 0, 0],
							"easing": "easeInOutSine"
						}
					}
				},
				"horsetorso": {
					"rotation": {
						"0.0": {
							"vector": [0, 0, -22.5]
						},
						"0.25": {
							"vector": [0, 0, 22.5],
							"easing": "easeInOutSine"
						},
						"0.5": {
							"vector": [0, 0, -22.5],
							"easing": "easeInOutSine"
						},
						"0.75": {
							"vector": [0, 0, 22.5],
							"easing": "easeInOutSine"
						},
						"1.0": {
							"vector": [0, 0, -22.5],
							"easing": "easeInOutSine"
						},
						"1.25": {
							"vector": [0, 0, 22.5],
							"easing": "easeInOutSine"
						},
						"1.5": {
							"vector": [0, 0, -22.5],
							"easing": "easeInOutSine"
						},
						"1.75": {
							"vector": [0, 0, 22.5],
							"easing": "easeInOutSine"
						},
						"2.0": {
							"vector": [0, 0, -22.5],
							"easing": "easeInOutSine"
						},
						"2.25": {
							"vector": [0, 0, 22.5],
							"easing": "easeInOutSine"
						},
						"2.5": {
							"vector": [0, 0, -22.5],
							"easing": "easeInOutSine"
						},
						"2.75": {
							"vector": [0, 0, 22.5],
							"easing": "easeInOutSine"
						},
						"3.0": {
							"vector": [0, 0, -22.5],
							"easing": "easeInOutSine"
						}
					}
				}
			}
		}
	},
	"geckolib_format_version": 2
}