{
	"format_version": "1.8.0",
	"animations": {
		"idle": {
			"loop": true,
			"animation_length": 2.6,
			"bones": {
				"body": {
					"rotation": {
						"0.0": {
							"vector": [0, 0, 0]
						},
						"1.3": {
							"vector": [2.5, 0, 0],
							"easing": "easeInOutSine"
						},
						"2.6": {
							"vector": [0, 0, 0]
						}
					}
				},
				"head": {
					"rotation": {
						"0.0": {
							"vector": [0, 0, 0]
						},
						"1.3": {
							"vector": [10, 0, 0],
							"easing": "easeInOutSine"
						},
						"2.6": {
							"vector": [0, 0, 0],
							"easing": "easeInOutSine"
						}
					}
				},
				"rightarm": {
					"rotation": {
						"0.0": {
							"vector": [0, 0, 0]
						},
						"1.3": {
							"vector": [-2.5, 0, -2.5],
							"easing": "easeInOutSine"
						},
						"2.6": {
							"vector": [0, 0, 0],
							"easing": "easeInOutSine"
						}
					}
				},
				"leftarm": {
					"rotation": {
						"0.0": {
							"vector": [0, 0, 0]
						},
						"1.3": {
							"vector": [-2.5, 0, 2.5],
							"easing": "easeInOutSine"
						},
						"2.6": {
							"vector": [0, 0, 0],
							"easing": "easeInOutSine"
						}
					}
				},
				"leftleg": {
					"rotation": {
						"vector": [0, 0, 0]
					}
				},
				"rightleg": {
					"rotation": {
						"vector": [0, 0, 0]
					}
				}
			}
		},
		"walk": {
			"loop": true,
			"animation_length": 1.5,
			"bones": {
				"body": {
					"rotation": {
						"0.0": {
							"vector": [9.44, 0, 0]
						},
						"0.75": {
							"vector": [21.25, 0, 0],
							"easing": "easeInOutSine"
						},
						"1.5": {
							"vector": [9.44, 0, 0],
							"easing": "easeInOutSine"
						}
					}
				},
				"head": {
					"rotation": {
						"0.0": {
							"vector": [0, 0, 0]
						},
						"0.75": {
							"vector": [10, 0, 0],
							"easing": "easeInOutSine"
						},
						"1.5": {
							"vector": [0, 0, 0],
							"easing": "easeInOutBack"
						}
					}
				},
				"rightarm": {
					"rotation": {
						"0.0": {
							"vector": [0, 0, 0]
						},
						"0.9167": {
							"vector": [-25.48014, -3.05401, -7.47026],
							"easing": "easeInOutSine"
						},
						"1.5": {
							"vector": [0, 0, 0],
							"easing": "easeInOutSine"
						}
					}
				},
				"leftarm": {
					"rotation": {
						"0.0": {
							"vector": [0, 0, 0]
						},
						"0.9167": {
							"vector": [-25.48014, 3.05401, 7.47026],
							"easing": "easeInOutSine"
						},
						"1.5": {
							"vector": [0, 0, 0],
							"easing": "easeInOutSine"
						}
					}
				},
				"rightleg": {
					"rotation": {
						"0.0": {
							"vector": [-22.5, 0, 0]
						},
						"0.75": {
							"vector": [22.5, 0, 0],
							"easing": "easeInOutSine"
						},
						"1.5": {
							"vector": [-22.5, 0, 0],
							"easing": "easeInOutSine"
						}
					}
				},
				"leftleg": {
					"rotation": {
						"0.0": {
							"vector": [22.5, 0, 0]
						},
						"0.75": {
							"vector": [-22.5, 0, 0],
							"easing": "easeInOutSine"
						},
						"1.5": {
							"vector": [22.5, 0, 0],
							"easing": "easeInOutSine"
						}
					}
				},
				"all": {
					"rotation": {
						"0.0": {
							"vector": [0, 0, 0]
						},
						"0.3333": {
							"vector": [0, 0, -2.5],
							"easing": "easeOutSine"
						},
						"1.1667": {
							"vector": [0, 0, 2],
							"easing": "easeInOutSine"
						},
						"1.5": {
							"vector": [0, 0, 0],
							"easing": "easeInSine"
						}
					}
				}
			}
		},
		"sprint": {
			"loop": true,
			"animation_length": 0.70833,
			"bones": {
				"body": {
					"rotation": {
						"0.0": {
							"vector": [9.44, 0, 0]
						},
						"0.3333": {
							"vector": [21.25, 0, 0],
							"easing": "easeInOutSine"
						},
						"0.5": {
							"vector": [9.44, 0, 0],
							"easing": "easeInOutSine"
						},
						"0.7083": {
							"vector": [0, 0, 0]
						}
					}
				},
				"head": {
					"rotation": {
						"0.0": {
							"vector": [-22.5, 0, 0],
							"easing": "easeOutBack"
						},
						"0.25": {
							"vector": [-15, 0, 0],
							"easing": "easeInOutSine"
						},
						"0.5": {
							"vector": [-22.5, 0, 0],
							"easing": "easeInOutBack"
						},
						"0.7083": {
							"vector": [0, 0, 0]
						}
					}
				},
				"rightarm": {
					"rotation": {
						"0.0": {
							"vector": [-95, -10, -50]
						},
						"0.25": {
							"vector": [-79.58747, -13.05919, -27.06674],
							"easing": "easeInOutSine"
						},
						"0.5": {
							"vector": [-95, -10, -50],
							"easing": "easeInOutSine"
						},
						"0.7083": {
							"vector": [0, 0, 0]
						}
					},
					"position": {
						"0.0": {
							"vector": [-1, 0, 0]
						},
						"0.25": {
							"vector": [-0.5, 0, 0]
						},
						"0.5": {
							"vector": [-1, 0, 0]
						}
					}
				},
				"leftarm": {
					"rotation": {
						"0.0": {
							"vector": [-95, 10, 50]
						},
						"0.25": {
							"vector": [-79.58747, 13.05919, 27.06674],
							"easing": "easeInOutSine"
						},
						"0.5": {
							"vector": [-95, 10, 50],
							"easing": "easeInOutSine"
						},
						"0.7083": {
							"vector": [0, 0, 0]
						}
					},
					"position": {
						"0.0": {
							"vector": [1, 0, 0]
						},
						"0.25": {
							"vector": [0.5, 0, 0]
						},
						"0.5": {
							"vector": [1, 0, 0]
						}
					}
				},
				"rightleg": {
					"rotation": {
						"0.0": {
							"vector": [-67.5, 0, 0]
						},
						"0.25": {
							"vector": [67.5, 0, 0],
							"easing": "easeInOutSine"
						},
						"0.5": {
							"vector": [-67.5, 0, 0]
						},
						"0.7083": {
							"vector": [0, 0, 0]
						}
					}
				},
				"leftleg": {
					"rotation": {
						"0.0": {
							"vector": [67.5, 0, 0]
						},
						"0.25": {
							"vector": [-67.5, 0, 0],
							"easing": "easeInOutSine"
						},
						"0.5": {
							"vector": [67.5, 0, 0]
						},
						"0.7083": {
							"vector": [0, 0, 0]
						}
					}
				},
				"all": {
					"rotation": {
						"0.0": {
							"vector": [0, 0, 0]
						},
						"0.0833": {
							"vector": [0, 0, -2.5],
							"easing": "easeOutSine"
						},
						"0.4167": {
							"vector": [0, 0, 2],
							"easing": "easeInOutSine"
						},
						"0.5": {
							"vector": [0, 0, 0],
							"easing": "easeInSine"
						}
					},
					"position": {
						"0.0": {
							"vector": [0, 2, 0]
						},
						"0.125": {
							"vector": [0, 0, 0],
							"easing": "easeInOutSine"
						},
						"0.2917": {
							"vector": [0, 2, 0],
							"easing": "easeInOutSine"
						},
						"0.375": {
							"vector": [0, 0, 0],
							"easing": "easeInOutSine"
						},
						"0.5": {
							"vector": [0, 2, 0],
							"easing": "easeInOutSine"
						}
					}
				}
			}
		},
		"attack": {
			"loop": true,
			"animation_length": 0.7,
			"bones": {
				"body": {
					"rotation": {
						"0.0": {
							"vector": [25, 16.25, 0]
						},
						"0.1": {
							"vector": [50, 32.5, 0],
							"easing": "easeInOutSine"
						},
						"0.3": {
							"vector": [-14.85875, -48.78047, -5.01049],
							"easing": "easeInOutSine"
						},
						"0.5": {
							"vector": [-23.9042, -65.35372, 5.64565],
							"easing": "easeInOutSine"
						},
						"0.7": {
							"vector": [-3.71, -12.2, -1.25]
						}
					}
				},
				"head": {
					"rotation": {
						"0.0": {
							"vector": [0, 0, 0]
						},
						"0.7": {
							"vector": [0, 0, 0]
						}
					}
				},
				"rightarm": {
					"rotation": {
						"0.0": {
							"vector": [-97.75, -3.89, -70.07]
						},
						"0.1": {
							"vector": [-195.49074, -7.77811, -140.13653],
							"easing": "easeInOutSine"
						},
						"0.3": {
							"vector": [-63.20587, -43.25888, -114.76566],
							"easing": "easeInOutSine"
						},
						"0.5": {
							"vector": [-45.70587, -43.25888, -114.76566],
							"easing": "easeInOutSine"
						},
						"0.7": {
							"vector": [-15.8, -10.81, -28.69]
						}
					},
					"position": {
						"0.0": {
							"vector": [-1, 0, 0]
						},
						"0.3": {
							"vector": [-3, 0, 0],
							"easing": "easeInOutSine"
						},
						"0.5": {
							"vector": [-3, 0, 0],
							"easing": "easeInOutSine"
						},
						"0.7": {
							"vector": [-0.75, 0, 0]
						}
					}
				},
				"leftarm": {
					"rotation": {
						"0.0": {
							"vector": [-61.25, -18.75, 0]
						},
						"0.1": {
							"vector": [-122.5, -37.5, 0],
							"easing": "easeInOutSine"
						},
						"0.3": {
							"vector": [42.5, -21.42857, 0],
							"easing": "easeInOutSine"
						},
						"0.5": {
							"vector": [42.5, -21.42857, 0],
							"easing": "easeInOutSine"
						},
						"0.7": {
							"vector": [10.62, -5.36, 0]
						}
					}
				},
				"rightleg": {
					"rotation": {
						"0.0": {
							"vector": [-11.25, 0, 0]
						},
						"0.1": {
							"vector": [-45, 0, 0],
							"easing": "easeInOutSine"
						},
						"0.3": {
							"vector": [17.8, 0, 0]
						},
						"0.7": {
							"vector": [-9.41, 0, 0]
						}
					}
				},
				"leftleg": {
					"rotation": {
						"0.0": {
							"vector": [11.25, 0, 0]
						},
						"0.1": {
							"vector": [22.5, 0, 0],
							"easing": "easeInOutSine"
						},
						"0.3": {
							"vector": [-6.54, 0, 0]
						},
						"0.7": {
							"vector": [9.41, 0, 0]
						}
					}
				}
			}
		}
	},
	"geckolib_format_version": 2
}