{
	"format_version": "1.8.0",
	"animations": {
		"idle": {
			"loop": true,
			"animation_length": 6,
			"bones": {
				"body": {
					"position": {
						"0.0": {
							"vector": [0, 0, 0]
						},
						"3.5": {
							"vector": [0, -0.2, 0],
							"easing": "easeInOutSine"
						},
						"6.0": {
							"vector": [0, 0, 0],
							"easing": "easeInOutSine"
						}
					}
				},
				"cape": {
					"rotation": {
						"0.0": {
							"vector": [0, 0, 0]
						},
						"2.5": {
							"vector": [5, 0, 0],
							"easing": "easeInOutSine"
						},
						"3.9167": {
							"vector": [0.94, 0, 0],
							"easing": "easeInOutSine"
						},
						"5.0": {
							"vector": [5, 0, 0],
							"easing": "easeInOutSine"
						},
						"6.0": {
							"vector": [0, 0, 0],
							"easing": "easeInOutSine"
						}
					}
				},
				"head": {
					"position": {
						"0.0": {
							"vector": [0, 0, 0]
						},
						"3.0": {
							"vector": [0, -0.2, 0],
							"easing": "easeInOutSine"
						},
						"6.0": {
							"vector": [0, 0, 0],
							"easing": "easeInOutSine"
						}
					}
				},
				"arms": {
					"rotation": {
						"0.0": {
							"vector": [0, 0, 0]
						},
						"3.75": {
							"vector": [2.5, 0, 0],
							"easing": "easeInOutSine"
						},
						"6.0": {
							"vector": [0, 0, 0],
							"easing": "easeInOutSine"
						}
					},
					"position": {
						"0.0": {
							"vector": [0, 0, 0]
						},
						"2.25": {
							"vector": [0, -0.2, 0],
							"easing": "easeInOutSine"
						},
						"6.0": {
							"vector": [0, 0, 0],
							"easing": "easeInOutSine"
						}
					}
				},
				"chest": {
					"position": {
						"0.0": {
							"vector": [0, 0, 0]
						},
						"3.0": {
							"vector": [0, -0.4, 0],
							"easing": "easeInOutSine"
						},
						"6.0": {
							"vector": [0, 0, 0],
							"easing": "easeInOutSine"
						}
					}
				}
			}
		},
		"run": {
			"loop": true,
			"animation_length": 0.75,
			"bones": {
				"all": {
					"position": {
						"0.0": {
							"vector": [0, 0, 0]
						},
						"0.2083": {
							"vector": [0, -1, 0],
							"easing": "easeInSine"
						},
						"0.375": {
							"vector": [0, 0, 0],
							"easing": "easeInSine"
						},
						"0.5833": {
							"vector": [0, -1, 0],
							"easing": "easeInSine"
						},
						"0.75": {
							"vector": [0, 0, 0],
							"easing": "easeInSine"
						}
					}
				},
				"body": {
					"position": {
						"0.0": {
							"vector": [0, 0, 0]
						},
						"0.2083": {
							"vector": [0, -0.2, 0],
							"easing": "easeInOutSine"
						},
						"0.375": {
							"vector": [0, 0, 0],
							"easing": "easeInOutSine"
						},
						"0.5833": {
							"vector": [0, -0.2, 0],
							"easing": "easeInOutSine"
						},
						"0.75": {
							"vector": [0, 0, 0],
							"easing": "easeInOutSine"
						}
					}
				},
				"rightLeg": {
					"rotation": {
						"0.0": {
							"vector": [0, 0, 0]
						},
						"0.2083": {
							"vector": [67.5, 0, 0],
							"easing": "easeOutSine"
						},
						"0.5833": {
							"vector": [-67.5, 0, 0],
							"easing": "easeInOutSine"
						},
						"0.75": {
							"vector": [0, 0, 0],
							"easing": "easeInSine"
						}
					}
				},
				"leftLeg": {
					"rotation": {
						"0.0": {
							"vector": [0, 0, 0]
						},
						"0.2083": {
							"vector": [-67.5, 0, 0],
							"easing": "easeOutSine"
						},
						"0.5833": {
							"vector": [67.5, 0, 0],
							"easing": "easeInOutSine"
						},
						"0.75": {
							"vector": [0, 0, 0],
							"easing": "easeInSine"
						}
					}
				},
				"arms": {
					"rotation": {
						"0.0": {
							"vector": [-30, 0, 0]
						},
						"0.2083": {
							"vector": [-29, 0, 0],
							"easing": "easeInOutSine"
						},
						"0.375": {
							"vector": [-30, 0, 0],
							"easing": "easeInOutSine"
						},
						"0.5833": {
							"vector": [-29, 0, 0],
							"easing": "easeInOutSine"
						},
						"0.75": {
							"vector": [-30, 0, 0],
							"easing": "easeInOutSine"
						}
					}
				}
			}
		},
		"punch": {
			"animation_length": 0.5,
			"bones": {
				"body": {
					"rotation": {
						"0.0": {
							"vector": [0, 0, 0]
						},
						"0.125": {
							"vector": [15.34721, 12.06754, 3.28396]
						},
						"0.25": {
							"vector": [-11.14202, -13.04141, 6.75745]
						},
						"0.5": {
							"vector": [0, 0, 0],
							"easing": "easeInOutSine"
						}
					},
					"position": {
						"0.0": {
							"vector": [0, 0, 0]
						},
						"0.5": {
							"vector": [0, 0, 0],
							"easing": "easeInOutSine"
						}
					}
				},
				"cape": {
					"rotation": {
						"0.0": {
							"vector": [0, 0, 0]
						},
						"0.5": {
							"vector": [0, 0, 0],
							"easing": "easeInOutSine"
						}
					}
				},
				"head": {
					"position": {
						"0.0": {
							"vector": [0, 0, 0]
						},
						"0.5": {
							"vector": [0, 0, 0],
							"easing": "easeInOutSine"
						}
					}
				},
				"arms": {
					"rotation": {
						"0.0": {
							"vector": [0, 0, 0]
						},
						"0.125": {
							"vector": [41.18914, 65.7171, 18.13864]
						},
						"0.25": {
							"vector": [-80.83898, -44.45792, 46.21303]
						},
						"0.5": {
							"vector": [0, 0, 0],
							"easing": "easeInOutSine"
						}
					},
					"position": {
						"0.0": {
							"vector": [0, 0, 0]
						},
						"0.125": {
							"vector": [0, 0, 1]
						},
						"0.5": {
							"vector": [0, 0, 0],
							"easing": "easeInOutSine"
						}
					}
				},
				"chest": {
					"position": {
						"0.0": {
							"vector": [0, 0, 0]
						},
						"0.5": {
							"vector": [0, 0, 0],
							"easing": "easeInOutSine"
						}
					}
				},
				"all": {
					"position": {
						"0.0": {
							"vector": [0, 0, 0]
						},
						"0.125": {
							"vector": [0, -3, 0],
							"easing": "easeInOutSine"
						},
						"0.25": {
							"vector": [0, 0, 0],
							"easing": "easeInOutSine"
						},
						"0.5": {
							"vector": [0, 0, 0],
							"easing": "easeInOutSine"
						}
					}
				},
				"rightLeg": {
					"rotation": {
						"0.0": {
							"vector": [0, 0, 0]
						},
						"0.125": {
							"vector": [45, 0, 0],
							"easing": "easeInOutSine"
						},
						"0.25": {
							"vector": [-60, 0, 0],
							"easing": "easeInOutSine"
						},
						"0.5": {
							"vector": [0, 0, 0],
							"easing": "easeInOutSine"
						}
					}
				},
				"leftLeg": {
					"rotation": {
						"0.0": {
							"vector": [0, 0, 0]
						},
						"0.125": {
							"vector": [-45, 0, 0],
							"easing": "easeInOutSine"
						},
						"0.25": {
							"vector": [15, 0, 0],
							"easing": "easeInOutSine"
						},
						"0.5": {
							"vector": [0, 0, 0],
							"easing": "easeInOutSine"
						}
					}
				}
			}
		},
		"dodge": {
			"loop": true,
			"animation_length": 0.79167,
			"bones": {
				"body": {
					"rotation": {
						"0.0": {
							"vector": [0, 0, 0]
						},
						"0.1667": {
							"vector": [22.5, 0, 0],
							"easing": "easeOutSine"
						},
						"0.75": {
							"vector": [0, 0, 0],
							"easing": "easeOutSine"
						}
					},
					"position": {
						"vector": [0, 0, 0]
					}
				},
				"cape": {
					"rotation": {
						"vector": [0, 0, 0]
					}
				},
				"head": {
					"rotation": {
						"0.0": {
							"vector": [0, 0, 0]
						},
						"0.1667": {
							"vector": [0, -22.5, 0],
							"easing": "easeOutSine"
						},
						"0.2917": {
							"vector": [0, 39.82, 0],
							"easing": "easeOutSine"
						},
						"0.75": {
							"vector": [0, 0, 0],
							"easing": "easeOutSine"
						}
					},
					"position": {
						"vector": [0, 0, 0]
					}
				},
				"arms": {
					"rotation": {
						"0.0": {
							"vector": [0, 0, 0]
						},
						"0.1667": {
							"vector": [24.76579, -15.69986, -16.32495],
							"easing": "easeOutSine"
						},
						"0.3333": {
							"vector": [32.23561, 30, 35.26439],
							"easing": "easeOutSine"
						},
						"0.75": {
							"vector": [0, 0, 0],
							"easing": "easeOutSine"
						}
					},
					"position": {
						"0.0": {
							"vector": [0, 0, 0]
						},
						"0.1667": {
							"vector": [1, -1, 0],
							"easing": "easeOutSine"
						},
						"0.3333": {
							"vector": [-2, 0, 0],
							"easing": "easeOutSine"
						},
						"0.75": {
							"vector": [0, 0, 0],
							"easing": "easeOutSine"
						}
					}
				},
				"chest": {
					"position": {
						"vector": [0, 0, 0]
					}
				},
				"all": {
					"rotation": {
						"0.0": {
							"vector": [0, 0, 0]
						},
						"0.1667": {
							"vector": [0, 22.5, 0],
							"easing": "easeOutSine"
						},
						"0.75": {
							"vector": [0, -360, 0],
							"easing": "easeOutSine"
						}
					}
				},
				"leftLeg": {
					"rotation": {
						"0.0": {
							"vector": [0, 0, 0]
						},
						"0.1667": {
							"vector": [-22.5, 0, 0],
							"easing": "easeOutSine"
						},
						"0.7917": {
							"vector": [0, 0, 0],
							"easing": "easeOutSine"
						}
					}
				},
				"rightLeg": {
					"rotation": {
						"0.0": {
							"vector": [0, 0, 0]
						},
						"0.1667": {
							"vector": [22.5, 0, 0],
							"easing": "easeOutSine"
						},
						"0.7917": {
							"vector": [0, 0, 0],
							"easing": "easeOutSine"
						}
					}
				}
			}
		}
	},
	"geckolib_format_version": 2
}