{
	"format_version": "1.8.0",
	"animations": {
		"idle": {
			"loop": true,
			"animation_length": 4,
			"bones": {
				"body": {
					"rotation": {
						"0.0": {
							"vector": [0, 0, 0]
						},
						"2.0": {
							"vector": [-97.5, 0, 0],
							"easing": "easeInOutSine"
						},
						"4.0": {
							"vector": [0, 0, 0],
							"easing": "easeInOutSine"
						}
					},
					"position": {
						"0.0": {
							"vector": [0, 0, 0]
						},
						"4.0": {
							"vector": [0, 0, 0]
						}
					}
				},
				"head": {
					"rotation": {
						"0.0": {
							"vector": [0, 0, 0]
						},
						"2.0": {
							"vector": [0, 0, 0]
						},
						"4.0": {
							"vector": [0, 0, 0]
						}
					}
				},
				"rightarm": {
					"rotation": {
						"0.0": {
							"vector": [0, 0, 10]
						},
						"2.0": {
							"vector": [0, 0, 10]
						},
						"4.0": {
							"vector": [0, 0, 10]
						}
					}
				},
				"leftarm": {
					"rotation": {
						"0.0": {
							"vector": [0, 0, -10]
						},
						"2.0": {
							"vector": [0, 0, -10]
						},
						"4.0": {
							"vector": [0, 0, -10]
						}
					}
				},
				"jawright": {
					"rotation": {
						"0.0": {
							"vector": [0, 0, 0]
						},
						"2.0": {
							"vector": [0, 0, 0]
						},
						"4.0": {
							"vector": [0, 0, 0]
						}
					}
				},
				"jawleft": {
					"rotation": {
						"0.0": {
							"vector": [0, 0, 0]
						},
						"2.0": {
							"vector": [0, 0, 0]
						},
						"4.0": {
							"vector": [0, 0, 0]
						}
					}
				}
			}
		},
		"walk": {
			"loop": true,
			"animation_length": 4,
			"bones": {
				"body": {
					"rotation": ["-math.sin(q.anim_time*180+90)*5", "math.sin(q.anim_time*90)*10", "math.cos(q.anim_time*90+45)*5"]
				},
				"head": {
					"rotation": ["-math.sin(q.anim_time*180)*10", 0, "math.cos(q.anim_time*90)*10"]
				},
				"rightarm": {
					"rotation": {
						"0.0": ["-math.cos(q.anim_time*90+45)*15", 0, "-math.cos(q.anim_time*90+45)*5+15"],
						"4.0": ["-math.cos(q.anim_time*90+45)*15", 0, "-math.cos(q.anim_time*90+45)*5+15"]
					}
				},
				"leftarm": {
					"rotation": ["math.cos(q.anim_time*90+45)*15", 0, "-math.cos(q.anim_time*90+45)*5-15"]
				},
				"rightleg": {
					"rotation": ["math.clamp(math.cos(q.anim_time*90+10)*15, -25, 0)", "math.sin(q.anim_time*90)*5", 0],
					"position": [0, "math.clamp(math.cos(q.anim_time*90+180)*1, 0, 1)", "math.cos(q.anim_time*90-90)*3"]
				},
				"leftleg": {
					"rotation": ["math.clamp(-math.cos(q.anim_time*90-10)*15, -25, 0)", "math.sin(q.anim_time*90)*5", 0],
					"position": [0, "math.clamp(-math.cos(q.anim_time*90+180)*1, 0, 1)", "-math.cos(q.anim_time*90-90)*3"]
				},
				"jawright": {
					"rotation": [0, "math.cos(q.anim_time*180+45)*15+15", 0]
				},
				"jawleft": {
					"rotation": [0, "-math.cos(q.anim_time*180+90)*15-15", 0]
				}
			}
		},
		"death": {
			"loop": "hold_on_last_frame",
			"animation_length": 1,
			"bones": {
				"body": {
					"rotation": {
						"0.0": {
							"post": {
								"vector": [0, 0, 0]
							},
							"lerp_mode": "catmullrom"
						},
						"0.52": {
							"post": {
								"vector": [25, 0, 0]
							},
							"lerp_mode": "catmullrom"
						},
						"0.8": {
							"vector": [-12.5, 0, 0]
						}
					}
				},
				"head": {
					"rotation": {
						"0.0": {
							"post": {
								"vector": [0, 0, 0]
							},
							"lerp_mode": "catmullrom"
						},
						"0.36": {
							"post": {
								"vector": [10, 0, 0]
							},
							"lerp_mode": "catmullrom"
						},
						"0.68": {
							"post": {
								"vector": [47.5, 0, 0]
							},
							"lerp_mode": "catmullrom"
						},
						"0.84": {
							"post": {
								"vector": [-7.5, 0, 0]
							},
							"lerp_mode": "catmullrom"
						},
						"0.92": {
							"vector": [-7.5, 0, 0]
						}
					}
				},
				"rightarm": {
					"rotation": {
						"0.0": {
							"post": {
								"vector": [0, 0, 15]
							},
							"lerp_mode": "catmullrom"
						},
						"0.16": {
							"post": {
								"vector": [0, 0, 15]
							},
							"lerp_mode": "catmullrom"
						},
						"0.68": {
							"post": {
								"vector": [-77.5, 0, 15]
							},
							"lerp_mode": "catmullrom"
						},
						"0.84": {
							"post": {
								"vector": [10, -5, 25]
							},
							"lerp_mode": "catmullrom"
						},
						"0.92": {
							"vector": [10, -5, 25]
						}
					}
				},
				"leftarm": {
					"rotation": {
						"0.0": {
							"post": {
								"vector": [0, 0, -15]
							},
							"lerp_mode": "catmullrom"
						},
						"0.16": {
							"post": {
								"vector": [0, 0, -15]
							},
							"lerp_mode": "catmullrom"
						},
						"0.68": {
							"post": {
								"vector": [-77.5, 0, -15]
							},
							"lerp_mode": "catmullrom"
						},
						"0.84": {
							"post": {
								"vector": [10, 5, -25]
							},
							"lerp_mode": "catmullrom"
						},
						"0.92": {
							"vector": [10, 5, -25]
						}
					}
				},
				"rightleg": {
					"rotation": {
						"0.0": {
							"post": {
								"vector": [0, 0, 0]
							},
							"lerp_mode": "catmullrom"
						},
						"0.24": {
							"post": {
								"vector": [2.5, 0, 0]
							},
							"lerp_mode": "catmullrom"
						},
						"0.48": {
							"post": {
								"vector": [42.5, 0, 0]
							},
							"lerp_mode": "catmullrom"
						},
						"0.64": {
							"post": {
								"vector": [65, 0, 15]
							},
							"lerp_mode": "catmullrom"
						},
						"0.8": {
							"post": {
								"vector": [0, 10, 17.5]
							},
							"lerp_mode": "catmullrom"
						},
						"0.88": {
							"vector": [0, 10, 17.5]
						}
					},
					"position": {
						"0.0": {
							"post": {
								"vector": [0, 0, 0]
							},
							"lerp_mode": "catmullrom"
						},
						"0.24": {
							"post": {
								"vector": [0, 1, 0]
							},
							"lerp_mode": "catmullrom"
						},
						"0.36": {
							"post": {
								"vector": [0, 2.53, -0.58]
							},
							"lerp_mode": "catmullrom"
						},
						"0.48": {
							"post": {
								"vector": [0, -0.18, -1.31]
							},
							"lerp_mode": "catmullrom"
						},
						"0.64": {
							"post": {
								"vector": [0, -1, -2]
							},
							"lerp_mode": "catmullrom"
						},
						"0.8": {
							"vector": [0, 0, 0]
						}
					}
				},
				"leftleg": {
					"rotation": {
						"0.0": {
							"post": {
								"vector": [0, 0, 0]
							},
							"lerp_mode": "catmullrom"
						},
						"0.24": {
							"post": {
								"vector": [5, 0, 0]
							},
							"lerp_mode": "catmullrom"
						},
						"0.4": {
							"post": {
								"vector": [37.5, 0, 0]
							},
							"lerp_mode": "catmullrom"
						},
						"0.64": {
							"post": {
								"vector": [-35, 0, -15]
							},
							"lerp_mode": "catmullrom"
						},
						"0.8": {
							"post": {
								"vector": [0, -10, -17.5]
							},
							"lerp_mode": "catmullrom"
						},
						"0.88": {
							"vector": [0, -10, -17.5]
						}
					},
					"position": {
						"0.0": {
							"post": {
								"vector": [0, 0, 0]
							},
							"lerp_mode": "catmullrom"
						},
						"0.16": {
							"post": {
								"vector": [0, 3, 0]
							},
							"lerp_mode": "catmullrom"
						},
						"0.32": {
							"post": {
								"vector": [0, 1, 2]
							},
							"lerp_mode": "catmullrom"
						},
						"0.4": {
							"post": {
								"vector": [0, 0, 1]
							},
							"lerp_mode": "catmullrom"
						},
						"0.48": {
							"post": {
								"vector": [0, 2, 2]
							},
							"lerp_mode": "catmullrom"
						},
						"0.64": {
							"vector": [0, 0, 0]
						}
					}
				},
				"root": {
					"rotation": {
						"0.0": {
							"post": {
								"vector": [0, 0, 0]
							},
							"lerp_mode": "catmullrom"
						},
						"0.36": {
							"post": {
								"vector": [-17.5, 0, 0]
							},
							"lerp_mode": "catmullrom"
						},
						"0.72": {
							"vector": [-77.5, 0, 0]
						}
					},
					"position": {
						"0.0": {
							"post": {
								"vector": [0, 0, 0]
							},
							"lerp_mode": "catmullrom"
						},
						"0.24": {
							"post": {
								"vector": [0, -1.33, 0]
							},
							"lerp_mode": "catmullrom"
						},
						"0.72": {
							"vector": [0, 5, 0]
						}
					}
				},
				"jawright": {
					"rotation": {
						"0.0": {
							"post": {
								"vector": [0, 0, 0]
							},
							"lerp_mode": "catmullrom"
						},
						"0.32": {
							"post": {
								"vector": [0, 32.5, 0]
							},
							"lerp_mode": "catmullrom"
						},
						"0.68": {
							"post": {
								"vector": [0, 90, 0]
							},
							"lerp_mode": "catmullrom"
						},
						"0.88": {
							"vector": [0, 0, 0]
						}
					}
				},
				"jawleft": {
					"rotation": {
						"0.0": {
							"post": {
								"vector": [0, 0, 0]
							},
							"lerp_mode": "catmullrom"
						},
						"0.32": {
							"post": {
								"vector": [0, -32.5, 0]
							},
							"lerp_mode": "catmullrom"
						},
						"0.68": {
							"post": {
								"vector": [0, -90, 0]
							},
							"lerp_mode": "catmullrom"
						},
						"0.88": {
							"vector": [0, 0, 0]
						}
					}
				}
			}
		},
		"puke": {
			"animation_length": 3,
			"bones": {
				"body": {
					"rotation": {
						"0.0": {
							"post": {
								"vector": [0, 0, 0]
							},
							"lerp_mode": "catmullrom"
						},
						"0.12": {
							"post": {
								"vector": [5, 0, 0]
							},
							"lerp_mode": "catmullrom"
						},
						"0.36": {
							"post": {
								"vector": [-25, 0, 0]
							},
							"lerp_mode": "catmullrom"
						},
						"0.72": {
							"post": {
								"vector": [15, 0, 0]
							},
							"lerp_mode": "catmullrom"
						},
						"1.16": {
							"post": {
								"vector": [15, 0, 0]
							},
							"lerp_mode": "catmullrom"
						},
						"1.64": {
							"post": {
								"vector": [15, 30, 0]
							},
							"lerp_mode": "catmullrom"
						},
						"1.92": {
							"post": {
								"vector": [15, 30, -5]
							},
							"lerp_mode": "catmullrom"
						},
						"2.56": {
							"post": {
								"vector": [15, -30, 0]
							},
							"lerp_mode": "catmullrom"
						},
						"2.76": {
							"post": {
								"vector": [15, -30, 5]
							},
							"lerp_mode": "catmullrom"
						},
						"2.88": {
							"vector": [0, 0, 0]
						}
					}
				},
				"head": {
					"rotation": {
						"0.0": {
							"post": {
								"vector": [0, 0, 0]
							},
							"lerp_mode": "catmullrom"
						},
						"0.28": {
							"post": {
								"vector": [45, 0, 0]
							},
							"lerp_mode": "catmullrom"
						},
						"0.52": {
							"post": {
								"vector": [-37.5, 0, 0]
							},
							"lerp_mode": "catmullrom"
						},
						"0.8": {
							"post": {
								"vector": [-15, 0, 0]
							},
							"lerp_mode": "catmullrom"
						},
						"1.16": {
							"post": {
								"vector": [-5, 30, 0]
							},
							"lerp_mode": "catmullrom"
						},
						"1.6": {
							"post": {
								"vector": [-5, 30, -20]
							},
							"lerp_mode": "catmullrom"
						},
						"2.24": {
							"post": {
								"vector": [-5, 5, 5]
							},
							"lerp_mode": "catmullrom"
						},
						"2.64": {
							"post": {
								"vector": [-5, -30, 10]
							},
							"lerp_mode": "catmullrom"
						},
						"2.88": {
							"vector": [0, 0, 0]
						}
					}
				},
				"rightarm": {
					"rotation": {
						"0.0": {
							"post": {
								"vector": [0, 0, 0]
							},
							"lerp_mode": "catmullrom"
						},
						"0.2": {
							"post": {
								"vector": [-20, 0, 0]
							},
							"lerp_mode": "catmullrom"
						},
						"0.64": {
							"post": {
								"vector": [47.5, 0, 15]
							},
							"lerp_mode": "catmullrom"
						},
						"1.16": {
							"post": {
								"vector": [30, -15, 20]
							},
							"lerp_mode": "catmullrom"
						},
						"1.56": {
							"post": {
								"vector": [12.5, -15, 20]
							},
							"lerp_mode": "catmullrom"
						},
						"1.96": {
							"post": {
								"vector": [30, -15, 20]
							},
							"lerp_mode": "catmullrom"
						},
						"2.4": {
							"post": {
								"vector": [40, -15, 20]
							},
							"lerp_mode": "catmullrom"
						},
						"2.68": {
							"post": {
								"vector": [30, -15, 20]
							},
							"lerp_mode": "catmullrom"
						},
						"2.88": {
							"vector": [0, 0, 0]
						}
					}
				},
				"leftarm": {
					"rotation": {
						"0.0": {
							"post": {
								"vector": [0, 0, 0]
							},
							"lerp_mode": "catmullrom"
						},
						"0.2": {
							"post": {
								"vector": [-20, 0, 0]
							},
							"lerp_mode": "catmullrom"
						},
						"0.64": {
							"post": {
								"vector": [47.5, 0, -15]
							},
							"lerp_mode": "catmullrom"
						},
						"1.16": {
							"post": {
								"vector": [30, 15, -20]
							},
							"lerp_mode": "catmullrom"
						},
						"1.56": {
							"post": {
								"vector": [40, 15, -20]
							},
							"lerp_mode": "catmullrom"
						},
						"1.96": {
							"post": {
								"vector": [30, 15, -20]
							},
							"lerp_mode": "catmullrom"
						},
						"2.4": {
							"post": {
								"vector": [12.5, 15, -20]
							},
							"lerp_mode": "catmullrom"
						},
						"2.68": {
							"post": {
								"vector": [30, 15, -20]
							},
							"lerp_mode": "catmullrom"
						},
						"2.88": {
							"vector": [0, 0, 0]
						}
					}
				},
				"jawright": {
					"rotation": {
						"0.68": {
							"vector": [0, 0, 0]
						},
						"0.76": {
							"vector": [0, "math.cos(q.anim_time*720)*40+70", 0]
						},
						"2.64": {
							"pre": {
								"vector": [0, "math.cos(q.anim_time*720)*40+70", 0]
							},
							"post": {
								"vector": [0, "math.cos(q.anim_time*720)*40+70", 0]
							}
						},
						"2.76": {
							"pre": {
								"vector": [0, "math.cos(q.anim_time*720)*40+70", 0]
							},
							"post": {
								"vector": [0, 0, 0]
							}
						}
					}
				},
				"jawleft": {
					"rotation": {
						"0.68": {
							"vector": [0, 0, 0]
						},
						"0.76": {
							"vector": [0, "-math.cos(q.anim_time*720)*40-70", 0]
						},
						"2.64": {
							"pre": {
								"vector": [0, "-math.cos(q.anim_time*720)*40-70", 0]
							},
							"post": {
								"vector": [0, "-math.cos(q.anim_time*720)*40-70", 0]
							}
						},
						"2.76": {
							"pre": {
								"vector": [0, "-math.cos(q.anim_time*720)*40-70", 0]
							},
							"post": {
								"vector": [0, 0, 0]
							}
						}
					}
				}
			}
		},
		"attack": {
			"animation_length": 1,
			"bones": {
				"body": {
					"rotation": {
						"0.0": {
							"post": {
								"vector": [0, 0, 0]
							},
							"lerp_mode": "catmullrom"
						},
						"0.12": {
							"post": {
								"vector": [20, 0, 0]
							},
							"lerp_mode": "catmullrom"
						},
						"0.32": {
							"post": {
								"vector": [30, 0, 0]
							},
							"lerp_mode": "catmullrom"
						},
						"0.6": {
							"post": {
								"vector": [47.5, 0, 0]
							},
							"lerp_mode": "catmullrom"
						},
						"0.84": {
							"vector": [0, 0, 0]
						}
					},
					"position": {
						"0.0": {
							"post": {
								"vector": [0, 0, 0]
							},
							"lerp_mode": "catmullrom"
						},
						"0.12": {
							"post": {
								"vector": [0, -2, 0]
							},
							"lerp_mode": "catmullrom"
						},
						"0.36": {
							"vector": [0, 0, 0]
						}
					}
				},
				"head": {
					"rotation": {
						"0.0": {
							"post": {
								"vector": [0, 0, 0]
							},
							"lerp_mode": "catmullrom"
						},
						"0.08": {
							"post": {
								"vector": [-25, 0, 0]
							},
							"lerp_mode": "catmullrom"
						},
						"0.24": {
							"post": {
								"vector": [8.44, 0, 0]
							},
							"lerp_mode": "catmullrom"
						},
						"0.4": {
							"post": {
								"vector": [-35, 0, 0]
							},
							"lerp_mode": "catmullrom"
						},
						"0.6": {
							"post": {
								"vector": [-35, 0, 0]
							},
							"lerp_mode": "catmullrom"
						},
						"0.72": {
							"post": {
								"vector": [2.5, 0, 0]
							},
							"lerp_mode": "catmullrom"
						},
						"0.92": {
							"vector": [0, 0, 0]
						}
					}
				},
				"rightarm": {
					"rotation": {
						"0.0": {
							"post": {
								"vector": [0, 0, 15]
							},
							"lerp_mode": "catmullrom"
						},
						"0.16": {
							"post": {
								"vector": [-80, -40, 30]
							},
							"lerp_mode": "catmullrom"
						},
						"0.52": {
							"post": {
								"vector": [-62.5, 82.5, 60]
							},
							"lerp_mode": "catmullrom"
						},
						"0.8": {
							"vector": [0, 0, 15]
						}
					}
				},
				"leftarm": {
					"rotation": {
						"0.0": {
							"post": {
								"vector": [0, 0, -15]
							},
							"lerp_mode": "catmullrom"
						},
						"0.16": {
							"post": {
								"vector": [-80, 40, -30]
							},
							"lerp_mode": "catmullrom"
						},
						"0.52": {
							"post": {
								"vector": [-62.5, -85, -60]
							},
							"lerp_mode": "catmullrom"
						},
						"0.8": {
							"vector": [0, 0, -15]
						}
					}
				},
				"jawright": {
					"rotation": {
						"0.16": {
							"pre": {
								"vector": [0, 0, 0]
							},
							"post": {
								"vector": [0, 0, 0]
							},
							"lerp_mode": "catmullrom"
						},
						"0.24": {
							"post": {
								"vector": [0, 90, 0]
							},
							"lerp_mode": "catmullrom"
						},
						"0.52": {
							"post": {
								"vector": [0, 90, 0]
							},
							"lerp_mode": "catmullrom"
						},
						"0.84": {
							"vector": [0, 0, 0]
						}
					}
				},
				"jawleft": {
					"rotation": {
						"0.16": {
							"pre": {
								"vector": [0, 0, 0]
							},
							"post": {
								"vector": [0, 0, 0]
							},
							"lerp_mode": "catmullrom"
						},
						"0.24": {
							"post": {
								"vector": [0, -90, 0]
							},
							"lerp_mode": "catmullrom"
						},
						"0.52": {
							"post": {
								"vector": [0, -90, 0]
							},
							"lerp_mode": "catmullrom"
						},
						"0.84": {
							"vector": [0, 0, 0]
						}
					}
				}
			}
		}
	},
	"geckolib_format_version": 2
}