{
	"format_version": "1.8.0",
	"animations": {
		"idle": {
			"loop": true,
			"animation_length": 3,
			"bones": {
				"body": {
					"rotation": {
						"0.0": {
							"vector": [0, 0, 0]
						},
						"1.5": {
							"vector": [0, 0, 2.5],
							"easing": "easeInOutSine"
						},
						"3.0": {
							"vector": [0, 0, 0],
							"easing": "easeInOutSine"
						}
					}
				},
				"head": {
					"rotation": {
						"0.0": {
							"vector": [0, 0, 0]
						},
						"1.5": {
							"vector": [0, 0, 2.5],
							"easing": "easeInOutSine"
						},
						"3.0": {
							"vector": [0, 0, 0],
							"easing": "easeInOutSine"
						}
					}
				},
				"silverhead": {
					"position": {
						"0.0": {
							"vector": [0, 0, 0]
						},
						"1.5": {
							"vector": [0.5, 0, 0],
							"easing": "easeInOutSine"
						},
						"3.0": {
							"vector": [0, 0, 0],
							"easing": "easeInOutSine"
						}
					}
				},
				"neck": {
					"rotation": {
						"0.0": {
							"vector": [0, 0, 0]
						},
						"0.75": {
							"vector": [0, 0, -2.5],
							"easing": "easeOutSine"
						},
						"2.25": {
							"vector": [0, 0, 2.5],
							"easing": "easeInOutSine"
						},
						"3.0": {
							"vector": [0, 0, 0],
							"easing": "easeInSine"
						}
					}
				},
				"bone": {
					"rotation": {
						"0.0": {
							"vector": [0, 0, 0]
						},
						"0.75": {
							"vector": [0, 0, 2.5],
							"easing": "easeInOutSine"
						},
						"3.0": {
							"vector": [0, 0, 0],
							"easing": "easeInOutSine"
						}
					}
				},
				"bodyback": {
					"rotation": {
						"0.0": {
							"vector": [0, 0, 0]
						},
						"1.125": {
							"vector": [-5, 0, 0],
							"easing": "easeInOutSine"
						},
						"3.0": {
							"vector": [0, 0, 0],
							"easing": "easeInOutSine"
						}
					}
				},
				"bodyback2": {
					"rotation": {
						"0.0": {
							"vector": [0, 0, 0]
						},
						"1.5": {
							"vector": [-10, 0, 0],
							"easing": "easeInOutSine"
						},
						"3.0": {
							"vector": [0, 0, 0],
							"easing": "easeInOutSine"
						}
					}
				},
				"bodyback3": {
					"rotation": {
						"0.0": {
							"vector": [0, 0, 0]
						},
						"2.0": {
							"vector": [-5, 0, 0],
							"easing": "easeInOutSine"
						},
						"3.0": {
							"vector": [0, 0, 0],
							"easing": "easeInOutSine"
						}
					}
				},
				"bodytail": {
					"rotation": {
						"0.0": {
							"vector": [0, 0, 0]
						},
						"2.25": {
							"vector": [0, 10, 0],
							"easing": "easeInOutSine"
						},
						"3.0": {
							"vector": [0, 0, 0],
							"easing": "easeInOutSine"
						}
					}
				}
			}
		},
		"attack": {
			"loop": true,
			"animation_length": 1,
			"bones": {
				"all": {
					"rotation": {
						"0.0": {
							"vector": [0, 0, 0]
						},
						"0.3333": {
							"vector": [0, -360, 0],
							"easing": "easeInSine"
						}
					},
					"position": {
						"0.0": {
							"vector": [0, 0, 0]
						},
						"0.3333": {
							"vector": [-4, 0, 0],
							"easing": "easeInOutQuint"
						},
						"1.0": {
							"vector": [0, 0, 0],
							"easing": "easeInOutQuint"
						}
					}
				},
				"silverhead": {
					"rotation": {
						"0.0": {
							"vector": [0, 0, 0]
						},
						"0.3333": {
							"vector": [0, -10, 0],
							"easing": "easeInSine"
						},
						"1.0": {
							"vector": [0, 0, 0],
							"easing": "easeOutBack"
						}
					}
				},
				"head2": {
					"rotation": {
						"0.0": {
							"vector": [0, 0, 0]
						},
						"0.3333": {
							"vector": [0, 15, 0],
							"easing": "easeInSine"
						},
						"1.0": {
							"vector": [0, 0, 0],
							"easing": "easeOutBack"
						}
					},
					"position": {
						"0.0": {
							"vector": [0, 0, 0]
						},
						"0.3333": {
							"vector": [0, 0, -1],
							"easing": "easeInSine"
						},
						"1.0": {
							"vector": [0, 0, 0],
							"easing": "easeOutBack"
						}
					}
				},
				"bone": {
					"rotation": {
						"0.0": {
							"vector": [0, 0, 0]
						},
						"0.3333": {
							"vector": [0, -45, 0],
							"easing": "easeInSine"
						},
						"1.0": {
							"vector": [0, 0, 0],
							"easing": "easeOutBack"
						}
					},
					"position": {
						"0.0": {
							"vector": [0, 0, 0]
						},
						"0.3333": {
							"vector": [-1, 0, 0],
							"easing": "easeInSine"
						},
						"1.0": {
							"vector": [0, 0, 0],
							"easing": "easeOutBack"
						}
					}
				},
				"bodyback": {
					"rotation": {
						"0.0": {
							"vector": [0, 0, 0]
						},
						"0.3333": {
							"vector": [-9.00717, -46.79519, -24.14867],
							"easing": "easeInSine"
						},
						"1.0": {
							"vector": [0, 0, 0],
							"easing": "easeOutBack"
						}
					},
					"position": {
						"0.0": {
							"vector": [0, 0, 0]
						},
						"0.3333": {
							"vector": [-1, 0, 4],
							"easing": "easeInSine"
						},
						"1.0": {
							"vector": [0, 0, 0],
							"easing": "easeOutBack"
						}
					}
				},
				"bodyback2": {
					"rotation": {
						"0.0": {
							"vector": [0, 0, 0]
						},
						"0.25": {
							"vector": [0, -45, -22.5],
							"easing": "easeInOutSine"
						},
						"1.0": {
							"vector": [0, 0, 0],
							"easing": "easeInOutBack"
						}
					},
					"position": {
						"0.0": {
							"vector": [0, 0, 0]
						},
						"0.25": {
							"vector": [-2, 0, 0],
							"easing": "easeInOutSine"
						},
						"1.0": {
							"vector": [0, 0, 0],
							"easing": "easeInOutBack"
						}
					}
				},
				"bodyback3": {
					"rotation": {
						"0.0": {
							"vector": [0, 0, 0]
						},
						"0.25": {
							"vector": [0, -45, 0],
							"easing": "easeInOutSine"
						},
						"1.0": {
							"vector": [0, 0, 0],
							"easing": "easeInOutBack"
						}
					}
				},
				"bodytail": {
					"rotation": {
						"0.0": {
							"vector": [0, 0, 0]
						},
						"0.25": {
							"vector": [0, -45, 0],
							"easing": "easeInOutSine"
						},
						"1.0": {
							"vector": [0, 0, 0],
							"easing": "easeInOutBack"
						}
					}
				},
				"body": {
					"rotation": {
						"0.0": {
							"vector": [0, 0, 0]
						},
						"0.25": {
							"vector": [22.5, 0, 0],
							"easing": "easeInOutSine"
						},
						"1.0": {
							"vector": [0, 0, 0],
							"easing": "easeInOutBack"
						}
					},
					"position": {
						"0.0": {
							"vector": [0, 0, 0]
						},
						"0.375": {
							"vector": [0, -2, 0],
							"easing": "easeInOutSine"
						},
						"1.0": {
							"vector": [0, 0, 0],
							"easing": "easeInOutBack"
						}
					}
				},
				"rightleg": {
					"rotation": {
						"0.0": {
							"vector": [0, 0, 0]
						},
						"0.125": {
							"vector": [20.94102, 8.42106, -17.64597]
						},
						"0.25": {
							"vector": [0, 0, 22.5],
							"easing": "easeInOutSine"
						},
						"1.0": {
							"vector": [0, 0, 0],
							"easing": "easeInOutBack"
						}
					}
				},
				"leftleg": {
					"rotation": {
						"0.0": {
							"vector": [0, 0, 0]
						},
						"0.125": {
							"vector": [-15.85774, 27.46135, 12.33842]
						},
						"0.25": {
							"vector": [0, 0, -22.5],
							"easing": "easeInOutSine"
						},
						"1.0": {
							"vector": [0, 0, 0],
							"easing": "easeInOutBack"
						}
					}
				},
				"rightarm": {
					"rotation": {
						"0.0": {
							"vector": [0, 0, 0]
						},
						"0.25": {
							"vector": [0, 0, 45],
							"easing": "easeInOutSine"
						},
						"1.0": {
							"vector": [0, 0, 0],
							"easing": "easeInOutBack"
						}
					}
				}
			}
		},
		"walk": {
			"loop": true,
			"animation_length": 2,
			"bones": {
				"all": {
					"rotation": {
						"0.0": {
							"vector": [0, 0, 0]
						},
						"0.4167": {
							"vector": [0, 0, -5],
							"easing": "easeInSine"
						},
						"1.5": {
							"vector": [0, 0, 5],
							"easing": "easeInOutCubic"
						},
						"2.0": {
							"vector": [0, 0, 0],
							"easing": "easeOutCubic"
						}
					},
					"position": {
						"0.0": {
							"vector": [0, 0, 0]
						},
						"0.4167": {
							"vector": [0, -6, 0],
							"easing": "easeInSine"
						},
						"1.0": {
							"vector": [0, 0, 0],
							"easing": "easeInOutCubic"
						},
						"1.5": {
							"vector": [0, -6, 0],
							"easing": "easeInOutCubic"
						},
						"2.0": {
							"vector": [0, 0, 0],
							"easing": "easeInCubic"
						}
					}
				},
				"silverhead": {
					"rotation": {
						"0.0": {
							"vector": [0, 0, 0]
						},
						"0.5": {
							"vector": [0, 12.5, 0],
							"easing": "easeOutSine"
						},
						"1.5": {
							"vector": [0, -10, 0],
							"easing": "easeInOutSine"
						},
						"2.0": {
							"vector": [0, 0, 0],
							"easing": "easeInSine"
						}
					}
				},
				"head2": {
					"rotation": {
						"0.0": {
							"vector": [0, 0, 0]
						},
						"0.5": {
							"vector": [0, -21.2, 0],
							"easing": "easeOutSine"
						},
						"1.5": {
							"vector": [0, 26.25, 0],
							"easing": "easeInOutSine"
						},
						"2.0": {
							"vector": [0, 0, 0],
							"easing": "easeInSine"
						}
					},
					"position": {
						"0.0": {
							"vector": [0, 0, 0]
						},
						"0.5": {
							"vector": [0, 0, -1],
							"easing": "easeInOutSine"
						},
						"1.0": {
							"vector": [0, 0, 0],
							"easing": "easeInOutSine"
						},
						"1.5": {
							"vector": [0, 0, -1],
							"easing": "easeInOutSine"
						},
						"2.0": {
							"vector": [0, 0, 0],
							"easing": "easeInSine"
						}
					}
				},
				"bone": {
					"rotation": {
						"0.0": {
							"vector": [0, 0, 0]
						},
						"0.5": {
							"vector": [-7.5, 1.095, 0],
							"easing": "easeInOutSine"
						},
						"1.25": {
							"vector": [0, -11.25, 0],
							"easing": "easeInOutSine"
						},
						"2.0": {
							"vector": [0, 0, 0],
							"easing": "easeInSine"
						}
					},
					"position": {
						"0.0": {
							"vector": [0, 0, 0]
						},
						"2.0": {
							"vector": [0, 0, 0],
							"easing": "easeInSine"
						}
					}
				},
				"bodyback": {
					"rotation": {
						"0.0": {
							"vector": [0, 0, 0]
						},
						"0.5": {
							"vector": [-4.72355, 19.56612, -5.71936],
							"easing": "easeInOutSine"
						},
						"1.25": {
							"vector": [-2.25, -11.7, -6.04],
							"easing": "easeInOutSine"
						},
						"1.5": {
							"vector": [-0.14937, -23.88862, -0.57577],
							"easing": "easeInOutSine"
						},
						"2.0": {
							"vector": [0, 0, 0],
							"easing": "easeInSine"
						}
					},
					"position": {
						"0.0": {
							"vector": [0, 0, 0]
						},
						"2.0": {
							"vector": [0, 0, 0],
							"easing": "easeInSine"
						}
					}
				},
				"bodyback2": {
					"rotation": {
						"0.0": {
							"vector": [0, 0, 0]
						},
						"0.5": {
							"vector": [-35, 19.6875, -1.405],
							"easing": "easeInOutSine"
						},
						"1.25": {
							"vector": [0, -11.25, -5.62],
							"easing": "easeInOutSine"
						},
						"2.0": {
							"vector": [0, 0, 0],
							"easing": "easeInSine"
						}
					},
					"position": {
						"0.0": {
							"vector": [0, 0, 0]
						},
						"2.0": {
							"vector": [0, 0, 0],
							"easing": "easeInSine"
						}
					}
				},
				"bodyback3": {
					"rotation": {
						"0.0": {
							"vector": [0, 0, 0]
						},
						"1.25": {
							"vector": [0, -33.75, 0],
							"easing": "easeInOutSine"
						},
						"2.0": {
							"vector": [0, 0, 0],
							"easing": "easeInSine"
						}
					}
				},
				"bodytail": {
					"rotation": {
						"0.0": {
							"vector": [0, 0, 0]
						},
						"0.5": {
							"vector": [0, 19.69, 0],
							"easing": "easeInSine"
						},
						"1.25": {
							"vector": [0, -11.25, 0],
							"easing": "easeInOutSine"
						},
						"2.0": {
							"vector": [0, 0, 0],
							"easing": "easeOutSine"
						}
					}
				},
				"body": {
					"rotation": {
						"0.0": {
							"vector": [0, 0, 0]
						},
						"0.5": {
							"vector": [7.5, 12, 0]
						},
						"1.0": {
							"vector": [0, 0, 0]
						},
						"1.5": {
							"vector": [7.5, -12, 0]
						},
						"2.0": {
							"vector": [0, 0, 0]
						}
					},
					"position": {
						"0.0": {
							"vector": [0, 0, 0]
						},
						"0.5": {
							"vector": [0, -1, 0]
						},
						"1.0": {
							"vector": [0, 0, 0]
						},
						"1.5": {
							"vector": [0, -1, 0]
						},
						"2.0": {
							"vector": [0, 0, 0]
						}
					}
				},
				"rightleg": {
					"rotation": {
						"0.0": {
							"vector": [0, 0, 0]
						},
						"0.5": {
							"vector": [-67.5, 20, 0],
							"easing": "easeOutSine"
						},
						"1.5": {
							"vector": [67.5, 0, 0],
							"easing": "easeInOutSine"
						},
						"2.0": {
							"vector": [0, 0, 0],
							"easing": "easeInSine"
						}
					}
				},
				"leftleg": {
					"rotation": {
						"0.0": {
							"vector": [0, 0, 0]
						},
						"0.5": {
							"vector": [67.5, 0, 0],
							"easing": "easeOutQuad"
						},
						"1.5": {
							"vector": [-67.5, 0, 0],
							"easing": "easeInOutCubic"
						},
						"2.0": {
							"vector": [0, 0, 0],
							"easing": "easeInCubic"
						}
					}
				},
				"rightarm": {
					"rotation": {
						"0.0": {
							"vector": [0, 0, 0]
						},
						"0.5": {
							"vector": [67.5, 0, 0],
							"easing": "easeOutSine"
						},
						"1.5": {
							"vector": [-67.5, 0, 0],
							"easing": "easeInOutSine"
						},
						"2.0": {
							"vector": [0, 0, 0],
							"easing": "easeInSine"
						}
					}
				},
				"head": {
					"rotation": {
						"0.0": {
							"vector": [0, 0, 0]
						},
						"0.5": {
							"vector": [0, 12.5, 0],
							"easing": "easeOutSine"
						},
						"1.5": {
							"vector": [0, -10, 0],
							"easing": "easeInOutSine"
						},
						"2.0": {
							"vector": [0, 0, 0],
							"easing": "easeInSine"
						}
					}
				},
				"bone2": {
					"rotation": {
						"0.0": {
							"vector": [0, 0, 0]
						},
						"0.5": {
							"vector": [24.14867, -20.70481, -9.00717]
						},
						"1.5": {
							"vector": [-3.35133, -20.70481, -9.00717]
						},
						"2.0": {
							"vector": [0, 0, 0]
						}
					},
					"position": {
						"0.0": {
							"vector": [0, 0, 0]
						},
						"0.5": {
							"vector": [0, 0, 1]
						},
						"2.0": {
							"vector": [0, 0, 0]
						}
					}
				},
				"bone3": {
					"rotation": {
						"0.0": {
							"vector": [15.22074, -9.65594, -2.61298]
						},
						"0.5": {
							"vector": [0, -22.5, 0],
							"easing": "easeInOutSine"
						},
						"1.0": {
							"vector": [15.22074, -9.65594, -2.61298],
							"easing": "easeInOutSine"
						},
						"1.5": {
							"vector": [-12.30571, -22.16078, 0],
							"easing": "easeInOutSine"
						},
						"2.0": {
							"vector": [15.22074, -9.65594, -2.61298],
							"easing": "easeInOutSine"
						}
					},
					"position": {
						"0.0": {
							"vector": [0, 0.75, 1]
						},
						"0.5": {
							"vector": [0, 0, 2],
							"easing": "easeInOutSine"
						},
						"1.0": {
							"vector": [0, 0.75, 1],
							"easing": "easeInOutSine"
						},
						"1.5": {
							"vector": [0, 0, 2],
							"easing": "easeInOutSine"
						},
						"2.0": {
							"vector": [0, 0.75, 1],
							"easing": "easeInOutSine"
						}
					},
					"scale": {
						"0.0": {
							"vector": [1, 1, 1.3]
						},
						"0.5": {
							"vector": [1, 1, 1.6],
							"easing": "easeInOutSine"
						},
						"1.0": {
							"vector": [1, 1, 1.3],
							"easing": "easeInOutSine"
						},
						"1.5": {
							"vector": [1, 1, 1],
							"easing": "easeInOutSine"
						},
						"2.0": {
							"vector": [1, 1, 1.3],
							"easing": "easeInOutSine"
						}
					}
				}
			}
		},
		"run": {
			"loop": true,
			"animation_length": 1,
			"bones": {
				"all": {
					"rotation": {
						"0.0": {
							"vector": [0, 0, 0]
						},
						"1.0": {
							"vector": [0, 0, 0],
							"easing": "easeOutCubic"
						}
					},
					"position": {
						"0.0": {
							"vector": [0, 0, 0]
						},
						"0.1667": {
							"vector": [0, 1, 0],
							"easing": "easeInOutSine"
						},
						"0.3333": {
							"vector": [0, -4.5, 0],
							"easing": "easeInOutSine"
						},
						"0.5": {
							"vector": [0, 0, 0],
							"easing": "easeInOutSine"
						},
						"0.6667": {
							"vector": [0, 1, 0],
							"easing": "easeInOutSine"
						},
						"0.8333": {
							"vector": [0, -4.5, 0],
							"easing": "easeInOutSine"
						},
						"1.0": {
							"vector": [0, 0, 0],
							"easing": "easeInOutSine"
						}
					}
				},
				"silverhead": {
					"rotation": {
						"0.0": {
							"vector": [0, 0, 0]
						},
						"0.25": {
							"vector": [0, 12.5, 0],
							"easing": "easeOutSine"
						},
						"0.75": {
							"vector": [0, -10, 0],
							"easing": "easeInOutSine"
						},
						"1.0": {
							"vector": [0, 0, 0],
							"easing": "easeInSine"
						}
					}
				},
				"head2": {
					"rotation": {
						"0.0": {
							"vector": [0, 0, 0]
						},
						"0.25": {
							"vector": [0, -21.2, 0],
							"easing": "easeOutSine"
						},
						"0.75": {
							"vector": [0, 26.25, 0],
							"easing": "easeInOutSine"
						},
						"1.0": {
							"vector": [0, 0, 0],
							"easing": "easeInSine"
						}
					},
					"position": {
						"0.0": {
							"vector": [0, 0, 0]
						},
						"1.0": {
							"vector": [0, 0, 0],
							"easing": "easeInSine"
						}
					}
				},
				"bone": {
					"rotation": {
						"0.0": {
							"vector": [0, 0, 0]
						},
						"0.25": {
							"vector": [-7.5, 1.095, 0],
							"easing": "easeInOutSine"
						},
						"0.625": {
							"vector": [0, -11.25, 0],
							"easing": "easeInOutSine"
						},
						"1.0": {
							"vector": [0, 0, 0],
							"easing": "easeInSine"
						}
					},
					"position": {
						"0.0": {
							"vector": [0, 0, 0]
						},
						"1.0": {
							"vector": [0, 0, 0],
							"easing": "easeInSine"
						}
					}
				},
				"bodyback": {
					"rotation": {
						"0.0": {
							"vector": [0, 0, 0]
						},
						"0.25": {
							"vector": [-4.72355, 19.56612, -5.71936],
							"easing": "easeInOutSine"
						},
						"0.625": {
							"vector": [-2.25, -11.7, -6.04],
							"easing": "easeInOutSine"
						},
						"0.75": {
							"vector": [-0.14937, -23.88862, -0.57577],
							"easing": "easeInOutSine"
						},
						"1.0": {
							"vector": [0, 0, 0],
							"easing": "easeInSine"
						}
					},
					"position": {
						"0.0": {
							"vector": [0, 0, 0]
						},
						"1.0": {
							"vector": [0, 0, 0],
							"easing": "easeInSine"
						}
					}
				},
				"bodyback2": {
					"rotation": {
						"0.0": {
							"vector": [0, 0, 0]
						},
						"0.25": {
							"vector": [-35, 19.6875, -1.405],
							"easing": "easeInOutSine"
						},
						"0.625": {
							"vector": [0, -11.25, -5.62],
							"easing": "easeInOutSine"
						},
						"1.0": {
							"vector": [0, 0, 0],
							"easing": "easeInSine"
						}
					},
					"position": {
						"0.0": {
							"vector": [0, 0, 0]
						},
						"1.0": {
							"vector": [0, 0, 0],
							"easing": "easeInSine"
						}
					}
				},
				"bodyback3": {
					"rotation": {
						"0.0": {
							"vector": [0, 0, 0]
						},
						"0.625": {
							"vector": [0, -33.75, 0],
							"easing": "easeInOutSine"
						},
						"1.0": {
							"vector": [0, 0, 0],
							"easing": "easeInSine"
						}
					}
				},
				"bodytail": {
					"rotation": {
						"0.0": {
							"vector": [0, 0, 0]
						},
						"0.25": {
							"vector": [0, 19.69, 0],
							"easing": "easeInSine"
						},
						"0.625": {
							"vector": [0, -11.25, 0],
							"easing": "easeInOutSine"
						},
						"1.0": {
							"vector": [0, 0, 0],
							"easing": "easeOutSine"
						}
					}
				},
				"body": {
					"rotation": {
						"0.0": {
							"vector": [0, 0, 0]
						},
						"0.25": {
							"vector": [30, 12, 0]
						},
						"0.5": {
							"vector": [0, 0, 0]
						},
						"0.75": {
							"vector": [30, -12, 0]
						},
						"1.0": {
							"vector": [0, 0, 0]
						}
					},
					"position": {
						"0.0": {
							"vector": [0, 0, 0]
						},
						"0.25": {
							"vector": [0, -1, 0]
						},
						"0.5": {
							"vector": [0, 0, 0]
						},
						"0.75": {
							"vector": [0, -1, 0]
						},
						"1.0": {
							"vector": [0, 0, 0]
						}
					}
				},
				"rightleg": {
					"rotation": {
						"0.0": {
							"vector": [0, 0, 0]
						},
						"0.25": {
							"vector": [-67.5, 0, 0],
							"easing": "easeOutSine"
						},
						"0.75": {
							"vector": [67.5, 0, 0],
							"easing": "easeInOutSine"
						},
						"1.0": {
							"vector": [0, 0, 0],
							"easing": "easeInSine"
						}
					}
				},
				"leftleg": {
					"rotation": {
						"0.0": {
							"vector": [0, 0, 0]
						},
						"0.25": {
							"vector": [67.5, 0, 0],
							"easing": "easeOutQuad"
						},
						"0.3333": {
							"vector": [55, 0, 0]
						},
						"0.75": {
							"vector": [-67.5, 0, 0],
							"easing": "easeInOutCubic"
						},
						"0.8333": {
							"vector": [-55, 0, 0]
						},
						"1.0": {
							"vector": [0, 0, 0],
							"easing": "easeInCubic"
						}
					}
				},
				"rightarm": {
					"rotation": {
						"0.0": {
							"vector": [0, 0, 0]
						},
						"0.25": {
							"vector": [90, 0, 0],
							"easing": "easeOutSine"
						},
						"0.75": {
							"vector": [-90.20569, 22.47741, -1.03509],
							"easing": "easeInOutSine"
						},
						"1.0": {
							"vector": [0, 0, 0],
							"easing": "easeInSine"
						}
					}
				},
				"head": {
					"rotation": {
						"0.0": {
							"vector": [0, 0, 0]
						},
						"0.25": {
							"vector": [0, 12.5, 0],
							"easing": "easeOutSine"
						},
						"0.75": {
							"vector": [0, -10, 0],
							"easing": "easeInOutSine"
						},
						"1.0": {
							"vector": [0, 0, 0],
							"easing": "easeInSine"
						}
					}
				},
				"bone2": {
					"rotation": {
						"0.0": {
							"vector": [0, 0, 0]
						},
						"0.25": {
							"vector": [22.5, 0, 0]
						},
						"0.375": {
							"vector": [0, 0, 0]
						}
					}
				}
			}
		},
		"block": {
			"loop": true,
			"animation_length": 1,
			"bones": {
				"all": {
					"rotation": {
						"vector": [0, 0, 0]
					},
					"position": {
						"0.0": {
							"vector": [0, 0, 0]
						},
						"0.25": {
							"vector": [3, 0, 0],
							"easing": "easeInOutSine"
						},
						"1.0": {
							"vector": [0, 0, 0],
							"easing": "easeInOutQuint"
						}
					}
				},
				"silverhead": {
					"rotation": {
						"0.0": {
							"vector": [0, 0, 0]
						},
						"0.3333": {
							"vector": [0, 0, 0],
							"easing": "easeOutBack"
						},
						"1.0": {
							"vector": [0, 0, 0],
							"easing": "easeOutBack"
						}
					}
				},
				"head2": {
					"rotation": {
						"0.0": {
							"vector": [0, 0, 0]
						},
						"0.3333": {
							"vector": [0, 0, 0],
							"easing": "easeOutBack"
						},
						"1.0": {
							"vector": [0, 0, 0],
							"easing": "easeOutBack"
						}
					},
					"position": {
						"0.0": {
							"vector": [0, 0, 0]
						},
						"0.3333": {
							"vector": [0, 0, 0],
							"easing": "easeOutBack"
						},
						"1.0": {
							"vector": [0, 0, 0],
							"easing": "easeOutBack"
						}
					}
				},
				"bone": {
					"rotation": {
						"0.0": {
							"vector": [0, 0, 0]
						},
						"0.25": {
							"vector": [0, 22.5, 0]
						},
						"1.0": {
							"vector": [0, 0, 0],
							"easing": "easeOutBack"
						}
					},
					"position": {
						"0.0": {
							"vector": [0, 0, 0]
						},
						"1.0": {
							"vector": [0, 0, 0],
							"easing": "easeOutBack"
						}
					}
				},
				"bodyback": {
					"rotation": {
						"0.0": {
							"vector": [0, 0, 0]
						},
						"0.3333": {
							"vector": [0, 45, 0],
							"easing": "easeInOutBack"
						},
						"1.0": {
							"vector": [0, 0, 0],
							"easing": "easeInOutBack"
						}
					},
					"position": {
						"0.0": {
							"vector": [0, 0, 0]
						},
						"0.3333": {
							"vector": [0, 0, 0],
							"easing": "easeOutBack"
						},
						"1.0": {
							"vector": [0, 0, 0],
							"easing": "easeInOutBack"
						}
					}
				},
				"bodyback2": {
					"rotation": {
						"0.0": {
							"vector": [0, 0, 0]
						},
						"0.3333": {
							"vector": [0, 22.5, 0],
							"easing": "easeInOutBack"
						},
						"1.0": {
							"vector": [0, 0, 0],
							"easing": "easeInOutBack"
						}
					},
					"position": {
						"0.0": {
							"vector": [0, 0, 0]
						},
						"0.3333": {
							"vector": [0, 0, 0],
							"easing": "easeInOutBack"
						},
						"1.0": {
							"vector": [0, 0, 0],
							"easing": "easeInOutBack"
						}
					}
				},
				"bodyback3": {
					"rotation": {
						"0.0": {
							"vector": [0, 0, 0]
						},
						"0.3333": {
							"vector": [0, 0, 0],
							"easing": "easeInOutBack"
						},
						"1.0": {
							"vector": [0, 0, 0],
							"easing": "easeInOutBack"
						}
					}
				},
				"bodytail": {
					"rotation": {
						"0.0": {
							"vector": [0, 0, 0]
						},
						"0.25": {
							"vector": [0, 0, 0],
							"easing": "easeInOutBack"
						},
						"1.0": {
							"vector": [0, 0, 0],
							"easing": "easeInOutBack"
						}
					}
				},
				"body": {
					"rotation": {
						"0.0": {
							"vector": [0, 0, 0]
						},
						"0.25": {
							"vector": [-22.5, 45, 0],
							"easing": "easeInOutBack"
						},
						"1.0": {
							"vector": [0, 0, 0],
							"easing": "easeInOutBack"
						}
					},
					"position": {
						"0.0": {
							"vector": [0, 0, 0]
						},
						"0.25": {
							"vector": [0, -1, 0],
							"easing": "easeInOutSine"
						},
						"1.0": {
							"vector": [0, 0, 0],
							"easing": "easeInOutBack"
						}
					}
				},
				"rightleg": {
					"rotation": {
						"0.0": {
							"vector": [0, 0, 0]
						},
						"0.25": {
							"vector": [14.34991, 28.24341, -14.34595]
						},
						"1.0": {
							"vector": [0, 0, 0],
							"easing": "easeInOutBack"
						}
					}
				},
				"leftleg": {
					"rotation": {
						"0.0": {
							"vector": [0, 0, 0]
						},
						"0.25": {
							"vector": [-20.94304, 8.42182, 20.94072]
						},
						"1.0": {
							"vector": [0, 0, 0],
							"easing": "easeInOutBack"
						}
					}
				},
				"rightarm": {
					"rotation": {
						"0.0": {
							"vector": [0, 0, 0]
						},
						"0.3333": {
							"vector": [0, 0, 67.5],
							"easing": "easeInOutSine"
						},
						"1.0": {
							"vector": [0, 0, 0],
							"easing": "easeInOutSine"
						}
					}
				},
				"bone2": {
					"rotation": {
						"0.0": {
							"vector": [0, 0, 0]
						},
						"0.3333": {
							"vector": [0, -22.5, 0],
							"easing": "easeInOutBack"
						},
						"1.0": {
							"vector": [0, 0, 0],
							"easing": "easeInOutBack"
						}
					}
				},
				"bone3": {
					"rotation": {
						"0.0": {
							"vector": [0, 0, 0]
						},
						"0.3333": {
							"vector": [0, -45, 0],
							"easing": "easeInOutBack"
						},
						"1.0": {
							"vector": [0, 0, 0],
							"easing": "easeInOutBack"
						}
					},
					"position": {
						"0.0": {
							"vector": [0, 0, 0]
						},
						"0.3333": {
							"vector": [0, 1, 2],
							"easing": "easeInOutBack"
						},
						"1.0": {
							"vector": [0, 0, 0],
							"easing": "easeInOutBack"
						}
					},
					"scale": {
						"0.0": {
							"vector": [1, 1, 1]
						},
						"0.3333": {
							"vector": [1, 1, 1.6],
							"easing": "easeInOutBack"
						},
						"1.0": {
							"vector": [1, 1, 1],
							"easing": "easeInOutBack"
						}
					}
				}
			}
		},
		"blocking_spawn": {
			"loop": true,
			"animation_length": 0.5,
			"bones": {
				"silverhead": {
					"rotation": {
						"0.0": {
							"vector": [0, 0, 0]
						},
						"0.375": {
							"vector": [0, 0, 0],
							"easing": "easeOutBack"
						},
						"0.4583": {
							"vector": [0, 0, 0]
						}
					}
				},
				"head2": {
					"rotation": {
						"0.0": {
							"vector": [0, 0, 0]
						},
						"0.375": {
							"vector": [0, -45, 0],
							"easing": "easeOutBack"
						}
					},
					"position": {
						"0.0": {
							"vector": [0, 0, 0]
						},
						"0.375": {
							"vector": [0, 0, -1],
							"easing": "easeOutBack"
						}
					}
				},
				"bone": {
					"rotation": {
						"0.0": {
							"vector": [0, 0, 0]
						},
						"0.2917": {
							"vector": [0, 22.5, 0]
						},
						"0.4583": {
							"vector": [0, 5.44, 0]
						}
					},
					"position": {
						"0.0": {
							"vector": [0, 0, 0]
						},
						"0.4583": {
							"vector": [0, 0, 0]
						}
					}
				},
				"bodyback": {
					"rotation": {
						"0.0": {
							"vector": [0, 0, 0]
						},
						"0.375": {
							"vector": [0, 45, 0],
							"easing": "easeInOutBack"
						},
						"0.4583": {
							"vector": [0, 46.44, 0]
						}
					},
					"position": {
						"0.0": {
							"vector": [0, 0, 0]
						},
						"0.375": {
							"vector": [0, 0, 0],
							"easing": "easeOutBack"
						},
						"0.4583": {
							"vector": [0, 0, 0]
						}
					}
				},
				"bodyback2": {
					"rotation": {
						"0.0": {
							"vector": [0, 0, 0]
						},
						"0.375": {
							"vector": [0, 22.5, 0],
							"easing": "easeInOutBack"
						},
						"0.4583": {
							"vector": [0, 23.22, 0]
						}
					},
					"position": {
						"0.0": {
							"vector": [0, 0, 0]
						},
						"0.375": {
							"vector": [0, 0, 0],
							"easing": "easeInOutBack"
						},
						"0.4583": {
							"vector": [0, 0, 0]
						}
					}
				},
				"bodyback3": {
					"rotation": {
						"0.0": {
							"vector": [0, 0, 0]
						},
						"0.375": {
							"vector": [0, 0, 0],
							"easing": "easeInOutBack"
						},
						"0.4583": {
							"vector": [0, 0, 0]
						}
					}
				},
				"bodytail": {
					"rotation": {
						"0.0": {
							"vector": [0, 0, 0]
						},
						"0.2917": {
							"vector": [0, 0, 0],
							"easing": "easeInOutBack"
						},
						"0.4583": {
							"vector": [0, 0, 0]
						}
					}
				},
				"body": {
					"rotation": {
						"0.0": {
							"vector": [0, 0, 0]
						},
						"0.2917": {
							"vector": [-22.5, 45, 0],
							"easing": "easeInOutBack"
						},
						"0.4583": {
							"vector": [-23.61, 47.23, 0]
						}
					},
					"position": {
						"0.0": {
							"vector": [0, 0, 0]
						},
						"0.2917": {
							"vector": [0, -1, 0],
							"easing": "easeInOutSine"
						},
						"0.4583": {
							"vector": [0, -1.05, 0]
						}
					}
				},
				"rightleg": {
					"rotation": {
						"0.0": {
							"vector": [0, 0, 0]
						},
						"0.4583": {
							"vector": [0, 0, 0]
						}
					}
				},
				"leftleg": {
					"rotation": {
						"0.0": {
							"vector": [0, 0, 0]
						},
						"0.4583": {
							"vector": [0, 0, 0]
						}
					}
				},
				"rightarm": {
					"rotation": {
						"0.0": {
							"vector": [0, 0, 0]
						},
						"0.375": {
							"vector": [22.5, 0, 0]
						}
					}
				},
				"bone2": {
					"rotation": {
						"0.0": {
							"vector": [0, 0, 0]
						},
						"0.375": {
							"vector": [0, -22.5, 0],
							"easing": "easeInOutBack"
						},
						"0.4583": {
							"vector": [0, -23.22, 0]
						}
					}
				},
				"bone3": {
					"rotation": {
						"0.0": {
							"vector": [0, 0, 0]
						},
						"0.375": {
							"vector": [0, -45, 0],
							"easing": "easeInOutBack"
						},
						"0.4583": {
							"vector": [0, -46.44, 0]
						}
					},
					"position": {
						"0.0": {
							"vector": [0, 0, 0]
						},
						"0.375": {
							"vector": [0, 1, 2],
							"easing": "easeInOutBack"
						},
						"0.4583": {
							"vector": [0, 1.03, 2.06]
						}
					},
					"scale": {
						"0.0": {
							"vector": [1, 1, 1]
						},
						"0.375": {
							"vector": [1, 1, 1.6],
							"easing": "easeInOutBack"
						},
						"0.4583": {
							"vector": [1, 1, 1.6192]
						}
					}
				}
			}
		},
		"blocking_idle": {
			"loop": true,
			"animation_length": 3,
			"bones": {
				"silverhead": {
					"rotation": {
						"0.0": {
							"vector": [0, 0, 0]
						},
						"3.0": {
							"vector": [0, 0, 0]
						}
					}
				},
				"head2": {
					"rotation": {
						"0.0": {
							"vector": [0, -45, 0],
							"easing": "easeOutBack"
						},
						"3.0": {
							"vector": [0, -45, 0],
							"easing": "easeOutBack"
						}
					},
					"position": {
						"0.0": {
							"vector": [0, 0, -1],
							"easing": "easeOutBack"
						},
						"3.0": {
							"vector": [0, 0, -1],
							"easing": "easeOutBack"
						}
					}
				},
				"bone": {
					"rotation": {
						"0.0": {
							"vector": [0, 5.44, 0]
						},
						"3.0": {
							"vector": [0, 5.44, 0],
							"easing": "easeInOutSine"
						}
					},
					"position": {
						"0.0": {
							"vector": [0, 0, 0]
						},
						"3.0": {
							"vector": [0, 0, 0],
							"easing": "easeInOutSine"
						}
					}
				},
				"bodyback": {
					"rotation": {
						"0.0": {
							"vector": [0, 46.44, 0]
						},
						"1.25": {
							"vector": [0, 56.5, 0],
							"easing": "easeInOutSine"
						},
						"3.0": {
							"vector": [0, 46.44, 0],
							"easing": "easeInOutSine"
						}
					},
					"position": {
						"0.0": {
							"vector": [0, 0, 0]
						},
						"3.0": {
							"vector": [0, 0, 0],
							"easing": "easeInOutSine"
						}
					}
				},
				"bodyback2": {
					"rotation": {
						"0.0": {
							"vector": [0, 23.22, 0]
						},
						"1.5": {
							"vector": [-12.30495, 22.68068, -13.26748],
							"easing": "easeInOutBack"
						},
						"3.0": {
							"vector": [0, 23.22, 0],
							"easing": "easeInOutSine"
						}
					},
					"position": {
						"0.0": {
							"vector": [0, 0, 0]
						},
						"3.0": {
							"vector": [0, 0, 0],
							"easing": "easeInOutSine"
						}
					}
				},
				"bodyback3": {
					"rotation": {
						"0.0": {
							"vector": [0, 0, 0]
						},
						"1.75": {
							"vector": [0, -5, 0],
							"easing": "easeInOutBack"
						},
						"3.0": {
							"vector": [0, 0, 0],
							"easing": "easeInOutSine"
						}
					}
				},
				"bodytail": {
					"rotation": {
						"0.0": {
							"vector": [0, -45, 0]
						},
						"1.5": {
							"vector": [0, -60, 0],
							"easing": "easeInOutBack"
						},
						"3.0": {
							"vector": [0, -45, 0],
							"easing": "easeInOutSine"
						}
					}
				},
				"body": {
					"rotation": {
						"0.0": {
							"vector": [-23.61, 47.23, 0]
						},
						"0.75": {
							"vector": [-21.06764, 48.18057, 3.43646],
							"easing": "easeOutSine"
						},
						"2.25": {
							"vector": [-26.01899, 46.18043, -3.30923],
							"easing": "easeInOutSine"
						},
						"3.0": {
							"vector": [-23.61, 47.23, 0],
							"easing": "easeInSine"
						}
					},
					"position": {
						"0.0": {
							"vector": [0, -1.05, 0]
						},
						"3.0": {
							"vector": [0, -1.05, 0]
						}
					}
				},
				"rightleg": {
					"rotation": {
						"0.0": {
							"vector": [0, 0, 0]
						},
						"3.0": {
							"vector": [0, 0, 0]
						}
					}
				},
				"leftleg": {
					"rotation": {
						"0.0": {
							"vector": [0, 0, 0]
						},
						"3.0": {
							"vector": [0, 0, 0]
						}
					}
				},
				"rightarm": {
					"rotation": {
						"0.0": {
							"vector": [22.5, 0, 0]
						},
						"1.25": {
							"vector": [22.4299, -1.70818, 4.69986],
							"easing": "easeInSine"
						},
						"2.25": {
							"vector": [22.48247, -0.42705, 1.17496],
							"easing": "easeOutSine"
						},
						"3.0": {
							"vector": [22.5, 0, 0],
							"easing": "easeInOutSine"
						}
					}
				},
				"bone2": {
					"rotation": {
						"0.0": {
							"vector": [0, -23.22, 0]
						},
						"3.0": {
							"vector": [0, -23.22, 0]
						}
					}
				},
				"bone3": {
					"rotation": {
						"0.0": {
							"vector": [0, -46.44, 0]
						},
						"3.0": {
							"vector": [0, -46.44, 0]
						}
					},
					"position": {
						"0.0": {
							"vector": [0, 1.03, 2.06]
						},
						"3.0": {
							"vector": [0, 1.03, 2.06]
						}
					},
					"scale": {
						"0.0": {
							"vector": [1, 1, 1.6192]
						},
						"3.0": {
							"vector": [1, 1, 1.6192]
						}
					}
				}
			}
		},
		"blocking_walk": {
			"loop": true,
			"animation_length": 3,
			"bones": {
				"silverhead": {
					"rotation": {
						"0.0": {
							"vector": [0, 0, 0]
						},
						"3.0": {
							"vector": [0, 0, 0]
						}
					}
				},
				"head2": {
					"rotation": {
						"0.0": {
							"vector": [0, -45, 0],
							"easing": "easeOutBack"
						},
						"3.0": {
							"vector": [0, -45, 0],
							"easing": "easeOutBack"
						}
					},
					"position": {
						"0.0": {
							"vector": [0, 0, -1],
							"easing": "easeOutBack"
						},
						"3.0": {
							"vector": [0, 0, -1],
							"easing": "easeOutBack"
						}
					}
				},
				"bone": {
					"rotation": {
						"0.0": {
							"vector": [0, 5.44, 0]
						},
						"1.5": {
							"vector": [-11.97966, 12.80394, -2.43805],
							"easing": "easeInOutSine"
						},
						"2.25": {
							"vector": [0.95298, 9.34221, 7.33221],
							"easing": "easeInOutSine"
						},
						"3.0": {
							"vector": [0, 5.44, 0],
							"easing": "easeInOutSine"
						}
					},
					"position": {
						"0.0": {
							"vector": [0, 0, 0]
						},
						"3.0": {
							"vector": [0, 0, 0],
							"easing": "easeInOutSine"
						}
					}
				},
				"bodyback": {
					"rotation": {
						"0.0": {
							"vector": [0, 46.44, 0]
						},
						"1.25": {
							"vector": [0, 64, 0],
							"easing": "easeInOutSine"
						},
						"3.0": {
							"vector": [0, 46.44, 0],
							"easing": "easeInOutSine"
						}
					},
					"position": {
						"0.0": {
							"vector": [0, 0, 0]
						},
						"3.0": {
							"vector": [0, 0, 0],
							"easing": "easeInOutSine"
						}
					}
				},
				"bodyback2": {
					"rotation": {
						"0.0": {
							"vector": [0, 23.22, 0]
						},
						"1.0": {
							"vector": [-8.7466, 12.8434, -9.28041],
							"easing": "easeInOutSine"
						},
						"2.0": {
							"vector": [-3.29821, 8.05355, -3.37789],
							"easing": "easeInOutSine"
						},
						"3.0": {
							"vector": [0, 23.22, 0],
							"easing": "easeInOutSine"
						}
					},
					"position": {
						"0.0": {
							"vector": [0, 0, 0]
						},
						"3.0": {
							"vector": [0, 0, 0],
							"easing": "easeInOutSine"
						}
					}
				},
				"bodyback3": {
					"rotation": {
						"0.0": {
							"vector": [0, 0, 0]
						},
						"1.75": {
							"vector": [0, -15, 0],
							"easing": "easeInOutBack"
						},
						"3.0": {
							"vector": [0, 0, 0],
							"easing": "easeInOutSine"
						}
					}
				},
				"bodytail": {
					"rotation": {
						"0.0": {
							"vector": [0, -45, 0]
						},
						"1.5": {
							"vector": [0, -60, 0],
							"easing": "easeInOutBack"
						},
						"3.0": {
							"vector": [0, -45, 0],
							"easing": "easeInOutSine"
						}
					}
				},
				"body": {
					"rotation": {
						"0.0": {
							"vector": [-23.61, 47.23, 0]
						},
						"1.5": {
							"vector": [18.89, 47.23, 0],
							"easing": "easeInOutSine"
						},
						"3.0": {
							"vector": [-23.61, 47.23, 0],
							"easing": "easeInOutSine"
						}
					},
					"position": {
						"0.0": {
							"vector": [0, -1.05, 0]
						},
						"3.0": {
							"vector": [0, -1.05, 0]
						}
					}
				},
				"rightleg": {
					"rotation": {
						"0.0": {
							"vector": [0, 0, 0]
						},
						"0.375": {
							"vector": [37.5, 0, 0],
							"easing": "easeOutSine"
						},
						"1.125": {
							"vector": [-37.5, 0, 0],
							"easing": "easeInOutSine"
						},
						"1.5": {
							"vector": [0, 0, 0],
							"easing": "easeInSine"
						},
						"1.875": {
							"vector": [37.5, 0, 0],
							"easing": "easeOutSine"
						},
						"2.625": {
							"vector": [-37.5, 0, 0],
							"easing": "easeInOutSine"
						},
						"3.0": {
							"vector": [0, 0, 0],
							"easing": "easeInSine"
						}
					}
				},
				"leftleg": {
					"rotation": {
						"0.0": {
							"vector": [0, 0, 0]
						},
						"0.375": {
							"vector": [-37.5, 0, 0],
							"easing": "easeOutSine"
						},
						"1.125": {
							"vector": [37.5, 0, 0],
							"easing": "easeInOutSine"
						},
						"1.5": {
							"vector": [0, 0, 0],
							"easing": "easeInSine"
						},
						"1.875": {
							"vector": [-37.5, 0, 0],
							"easing": "easeOutSine"
						},
						"2.625": {
							"vector": [37.5, 0, 0],
							"easing": "easeInOutSine"
						},
						"3.0": {
							"vector": [0, 0, 0],
							"easing": "easeInSine"
						}
					}
				},
				"rightarm": {
					"rotation": {
						"0.0": {
							"vector": [22.5, 0, 0]
						},
						"1.25": {
							"vector": [-22.5701, -1.70818, 4.69986],
							"easing": "easeInSine"
						},
						"3.0": {
							"vector": [22.5, 0, 0],
							"easing": "easeInOutSine"
						}
					}
				},
				"bone2": {
					"rotation": {
						"0.0": {
							"vector": [0, -23.22, 0]
						},
						"3.0": {
							"vector": [0, -23.22, 0]
						}
					}
				},
				"bone3": {
					"rotation": {
						"0.0": {
							"vector": [0, -46.44, 0]
						},
						"3.0": {
							"vector": [0, -46.44, 0]
						}
					},
					"position": {
						"0.0": {
							"vector": [0, 1.03, 2.06]
						},
						"3.0": {
							"vector": [0, 1.03, 2.06]
						}
					},
					"scale": {
						"0.0": {
							"vector": [1, 1, 1.6192]
						},
						"3.0": {
							"vector": [1, 1, 1.6192]
						}
					}
				},
				"all": {
					"position": {
						"0.0": {
							"vector": [0, 0, 0]
						},
						"0.375": {
							"vector": [0, -2, 0],
							"easing": "easeInOutSine"
						},
						"0.75": {
							"vector": [0, 0, 0],
							"easing": "easeInOutSine"
						},
						"1.125": {
							"vector": [0, -2, 0],
							"easing": "easeInOutSine"
						},
						"1.5": {
							"vector": [0, 0, 0],
							"easing": "easeInOutSine"
						},
						"1.875": {
							"vector": [0, -2, 0],
							"easing": "easeInOutSine"
						},
						"2.25": {
							"vector": [0, 0, 0],
							"easing": "easeInOutSine"
						},
						"2.625": {
							"vector": [0, -2, 0],
							"easing": "easeInOutSine"
						},
						"3.0": {
							"vector": [0, 0, 0],
							"easing": "easeInOutSine"
						}
					}
				}
			}
		},
		"blocking_attack": {
			"loop": true,
			"animation_length": 1,
			"bones": {
				"all": {
					"rotation": {
						"0.0": {
							"vector": [0, 0, 0]
						},
						"0.3333": {
							"vector": [0, -360, 0],
							"easing": "easeInSine"
						}
					},
					"position": {
						"0.0": {
							"vector": [0, 0, 0]
						},
						"0.3333": {
							"vector": [-4, -1, 0],
							"easing": "easeInOutQuint"
						},
						"0.7083": {
							"vector": [-4, -1, 0],
							"easing": "easeInOutQuint"
						},
						"1.0": {
							"vector": [0, 0, 0],
							"easing": "easeInOutSine"
						}
					}
				},
				"silverhead": {
					"rotation": {
						"0.0": {
							"vector": [0, 0, 0]
						},
						"0.3333": {
							"vector": [0, -10, 0],
							"easing": "easeInSine"
						},
						"1.0": {
							"vector": [0, 0, 0]
						}
					}
				},
				"head2": {
					"rotation": {
						"0.0": {
							"vector": [0, -45, 0],
							"easing": "easeOutBack"
						},
						"0.3333": {
							"vector": [0, 15, 0],
							"easing": "easeInSine"
						},
						"1.0": {
							"vector": [0, -45, 0],
							"easing": "easeOutBack"
						}
					},
					"position": {
						"0.0": {
							"vector": [0, 0, -1],
							"easing": "easeOutBack"
						},
						"0.3333": {
							"vector": [0, 0, -1],
							"easing": "easeInSine"
						},
						"1.0": {
							"vector": [0, 0, -1],
							"easing": "easeOutBack"
						}
					}
				},
				"bone": {
					"rotation": {
						"0.0": {
							"vector": [0, 5.44, 0]
						},
						"0.3333": {
							"vector": [0, -45, 0],
							"easing": "easeInSine"
						},
						"1.0": {
							"vector": [0, 5.44, 0],
							"easing": "easeInBack"
						}
					},
					"position": {
						"0.0": {
							"vector": [0, 0, 0]
						},
						"0.3333": {
							"vector": [-1, 0, 0],
							"easing": "easeInSine"
						},
						"1.0": {
							"vector": [0, 0, 0],
							"easing": "easeInBack"
						}
					}
				},
				"bodyback": {
					"rotation": {
						"0.0": {
							"vector": [0, 46.44, 0]
						},
						"0.3333": {
							"vector": [-9.00717, -46.79519, -24.14867],
							"easing": "easeInSine"
						},
						"1.0": {
							"vector": [0, 46.44, 0],
							"easing": "easeInBack"
						}
					},
					"position": {
						"0.0": {
							"vector": [0, 0, 0]
						},
						"0.3333": {
							"vector": [-1, 0, 4],
							"easing": "easeInSine"
						},
						"1.0": {
							"vector": [0, 0, 0],
							"easing": "easeInBack"
						}
					}
				},
				"bodyback2": {
					"rotation": {
						"0.0": {
							"vector": [0, 23.22, 0]
						},
						"0.25": {
							"vector": [0, -45, -22.5],
							"easing": "easeInOutSine"
						},
						"1.0": {
							"vector": [0, 23.22, 0],
							"easing": "easeInBack"
						}
					},
					"position": {
						"0.0": {
							"vector": [0, 0, 0]
						},
						"0.25": {
							"vector": [-2, 0, 0],
							"easing": "easeInOutSine"
						},
						"1.0": {
							"vector": [0, 0, 0],
							"easing": "easeInBack"
						}
					}
				},
				"bodyback3": {
					"rotation": {
						"0.0": {
							"vector": [0, 0, 0]
						},
						"0.25": {
							"vector": [0, -45, 0],
							"easing": "easeInOutSine"
						},
						"1.0": {
							"vector": [0, 0, 0],
							"easing": "easeInBack"
						}
					}
				},
				"bodytail": {
					"rotation": {
						"0.0": {
							"vector": [0, -45, 0]
						},
						"0.25": {
							"vector": [0, -45, 0],
							"easing": "easeInOutSine"
						},
						"1.0": {
							"vector": [0, -45, 0],
							"easing": "easeInBack"
						}
					}
				},
				"body": {
					"rotation": {
						"0.0": {
							"vector": [-23.61, 47.23, 0]
						},
						"0.25": {
							"vector": [22.5, 0, 0],
							"easing": "easeInOutSine"
						},
						"1.0": {
							"vector": [-23.61, 47.23, 0],
							"easing": "easeInBack"
						}
					},
					"position": {
						"0.0": {
							"vector": [0, -1.05, 0]
						},
						"0.375": {
							"vector": [0, -2, 0],
							"easing": "easeInOutSine"
						},
						"1.0": {
							"vector": [0, -1.05, 0],
							"easing": "easeInBack"
						}
					}
				},
				"rightleg": {
					"rotation": {
						"0.0": {
							"vector": [0, 0, 0]
						},
						"0.125": {
							"vector": [20.94102, 8.42106, -17.64597]
						},
						"0.25": {
							"vector": [0, 0, 22.5],
							"easing": "easeInOutSine"
						},
						"1.0": {
							"vector": [0, 0, 0],
							"easing": "easeInBack"
						}
					}
				},
				"leftleg": {
					"rotation": {
						"0.0": {
							"vector": [0, 0, 0]
						},
						"0.125": {
							"vector": [-15.85774, 27.46135, 12.33842]
						},
						"0.25": {
							"vector": [0, 0, -22.5],
							"easing": "easeInOutSine"
						},
						"1.0": {
							"vector": [0, 0, 0],
							"easing": "easeInBack"
						}
					}
				},
				"rightarm": {
					"rotation": {
						"0.0": {
							"vector": [22.5, 0, 0]
						},
						"0.25": {
							"vector": [0, 0, 45],
							"easing": "easeInOutSine"
						},
						"1.0": {
							"vector": [22.5, 0, 0],
							"easing": "easeInBack"
						}
					}
				},
				"bone3": {
					"rotation": {
						"0.0": {
							"vector": [0, -46.44, 0]
						},
						"1.0": {
							"vector": [0, -46.44, 0],
							"easing": "easeInBack"
						}
					},
					"position": {
						"0.0": {
							"vector": [0, 1.03, 2.06]
						},
						"1.0": {
							"vector": [0, 1.03, 2.06],
							"easing": "easeInBack"
						}
					},
					"scale": {
						"0.0": {
							"vector": [1, 1, 1.6192]
						},
						"1.0": {
							"vector": [1, 1, 1.6192],
							"easing": "easeInBack"
						}
					}
				},
				"bone2": {
					"rotation": {
						"0.0": {
							"vector": [0, -23.22, 0]
						},
						"1.0": {
							"vector": [0, -23.22, 0],
							"easing": "easeInBack"
						}
					}
				}
			}
		},
		"attacking_spawn": {
			"loop": true,
			"animation_length": 0.5,
			"bones": {
				"silverhead": {
					"rotation": {
						"0.0": {
							"vector": [0, 0, 0]
						},
						"0.0833": {
							"vector": [0, 0, 0],
							"easing": "easeOutBack"
						},
						"0.4167": {
							"vector": [0, 0, 0],
							"easing": "easeInOutCirc"
						}
					}
				},
				"head2": {
					"rotation": {
						"0.0833": {
							"vector": [0, -45, 0],
							"easing": "easeOutBack"
						},
						"0.4167": {
							"vector": [0, 0, 0],
							"easing": "easeInOutCirc"
						}
					},
					"position": {
						"0.0833": {
							"vector": [0, 0, -1],
							"easing": "easeOutBack"
						},
						"0.4167": {
							"vector": [0, 0, 0],
							"easing": "easeInOutCirc"
						}
					}
				},
				"bone": {
					"rotation": {
						"0.0": {
							"vector": [0, 5.44, 0]
						},
						"0.4167": {
							"vector": [0, 0, 0],
							"easing": "easeInOutCirc"
						}
					},
					"position": {
						"0.0": {
							"vector": [0, 0, 0]
						},
						"0.4167": {
							"vector": [0, 0, 0],
							"easing": "easeInOutCirc"
						}
					}
				},
				"bodyback": {
					"rotation": {
						"0.0": {
							"vector": [0, 46.44, 0]
						},
						"0.0833": {
							"vector": [0, 45, 0],
							"easing": "easeInOutBack"
						},
						"0.4167": {
							"vector": [0, 0, 0],
							"easing": "easeInOutCirc"
						}
					},
					"position": {
						"0.0": {
							"vector": [0, 0, 0]
						},
						"0.0833": {
							"vector": [0, 0, 0],
							"easing": "easeOutBack"
						},
						"0.4167": {
							"vector": [0, 0, 0],
							"easing": "easeInOutCirc"
						}
					}
				},
				"bodyback2": {
					"rotation": {
						"0.0": {
							"vector": [0, 23.22, 0]
						},
						"0.0833": {
							"vector": [0, 22.5, 0],
							"easing": "easeInOutBack"
						},
						"0.4167": {
							"vector": [0, 0, 0],
							"easing": "easeInOutCirc"
						}
					},
					"position": {
						"0.0": {
							"vector": [0, 0, 0]
						},
						"0.0833": {
							"vector": [0, 0, 0],
							"easing": "easeInOutBack"
						},
						"0.4167": {
							"vector": [0, 0, 0],
							"easing": "easeInOutCirc"
						}
					}
				},
				"bodyback3": {
					"rotation": {
						"0.0": {
							"vector": [0, 0, 0]
						},
						"0.0833": {
							"vector": [0, 0, 0],
							"easing": "easeInOutBack"
						},
						"0.4167": {
							"vector": [0, 0, 0],
							"easing": "easeInOutCirc"
						}
					}
				},
				"bodytail": {
					"rotation": {
						"0.0": {
							"vector": [0, 0, 0]
						},
						"0.4167": {
							"vector": [0, 0, 0],
							"easing": "easeInOutCirc"
						}
					}
				},
				"body": {
					"rotation": {
						"0.0": {
							"vector": [-23.61, 47.23, 0]
						},
						"0.4167": {
							"vector": [0, 0, 0],
							"easing": "easeInOutCirc"
						}
					},
					"position": {
						"0.0": {
							"vector": [0, -1.05, 0]
						},
						"0.4167": {
							"vector": [0, 0, 0],
							"easing": "easeInOutCirc"
						}
					}
				},
				"rightleg": {
					"rotation": {
						"0.0": {
							"vector": [0, 0, 0]
						},
						"0.4167": {
							"vector": [0, 0, 0],
							"easing": "easeInOutCirc"
						}
					}
				},
				"leftleg": {
					"rotation": {
						"0.0": {
							"vector": [0, 0, 0]
						},
						"0.4167": {
							"vector": [0, 0, 0],
							"easing": "easeInOutCirc"
						}
					}
				},
				"rightarm": {
					"rotation": {
						"0.0833": {
							"vector": [22.5, 0, 0]
						},
						"0.4167": {
							"vector": [0, 0, 0],
							"easing": "easeInOutCirc"
						}
					}
				},
				"bone2": {
					"rotation": {
						"0.0": {
							"vector": [0, -23.22, 0]
						},
						"0.0833": {
							"vector": [0, -22.5, 0],
							"easing": "easeInOutBack"
						},
						"0.4167": {
							"vector": [0, 0, 0],
							"easing": "easeInOutCirc"
						}
					}
				},
				"bone3": {
					"rotation": {
						"0.0": {
							"vector": [0, -46.44, 0]
						},
						"0.0833": {
							"vector": [0, -45, 0],
							"easing": "easeInOutBack"
						},
						"0.4167": {
							"vector": [0, 0, 0],
							"easing": "easeInOutCirc"
						}
					},
					"position": {
						"0.0": {
							"vector": [0, 1.03, 2.06]
						},
						"0.0833": {
							"vector": [0, 1, 2],
							"easing": "easeInOutBack"
						},
						"0.4167": {
							"vector": [0, 0, 0],
							"easing": "easeInOutCirc"
						}
					},
					"scale": {
						"0.0": {
							"vector": [1, 1, 1.6192]
						},
						"0.0833": {
							"vector": [1, 1, 1.6],
							"easing": "easeInOutBack"
						},
						"0.4167": {
							"vector": [1, 1, 1],
							"easing": "easeInOutCirc"
						}
					}
				}
			}
		},
		"blocking_crouch": {
			"loop": true,
			"animation_length": 3.5,
			"bones": {
				"silverhead": {
					"rotation": {
						"0.0": {
							"vector": [0, 0, 0]
						},
						"3.0833": {
							"vector": [0, 0, 0]
						},
						"3.5": {
							"vector": [0, 0, 0]
						}
					},
					"position": {
						"0.0": {
							"vector": [0, 0, 0]
						},
						"3.5": {
							"vector": [0, 0, 0]
						}
					}
				},
				"head2": {
					"rotation": {
						"0.0": {
							"vector": [0, 0, 0],
							"easing": "easeOutBack"
						},
						"0.4583": {
							"vector": [0, -45, 0],
							"easing": "easeInOutSine"
						},
						"1.0": {
							"vector": [-15.79996, -1.18026, -58.62021],
							"easing": "easeInOutCirc"
						},
						"2.0": {
							"vector": [-26.1688, -5.73254, 54.13263],
							"easing": "easeInOutCirc"
						},
						"2.7917": {
							"vector": [-15.79996, -1.18026, -58.62021],
							"easing": "easeInOutCirc"
						},
						"3.0833": {
							"vector": [0, -45, 0],
							"easing": "easeOutBack"
						},
						"3.5": {
							"vector": [0, 0, 0],
							"easing": "easeOutSine"
						}
					},
					"position": {
						"0.0": {
							"vector": [0, 0, 0],
							"easing": "easeOutBack"
						},
						"0.4583": {
							"vector": [0, 0, -1],
							"easing": "easeInOutSine"
						},
						"3.0833": {
							"vector": [0, 0, -1],
							"easing": "easeOutBack"
						},
						"3.5": {
							"vector": [0, 0, 0],
							"easing": "easeOutSine"
						}
					}
				},
				"bone": {
					"rotation": {
						"0.0": {
							"vector": [0, 0, 0]
						},
						"2.7917": {
							"vector": [0, 12.82, 0],
							"easing": "easeInOutBounce"
						},
						"3.0833": {
							"vector": [0, 5.44, 0],
							"easing": "easeInOutSine"
						},
						"3.5": {
							"vector": [0, 0, 0]
						}
					},
					"position": {
						"0.0": {
							"vector": [0, 0, 0]
						},
						"3.0833": {
							"vector": [0, 0, 0],
							"easing": "easeInOutSine"
						},
						"3.5": {
							"vector": [0, 0, 0]
						}
					}
				},
				"bodyback": {
					"rotation": {
						"0.0": {
							"vector": [0, 0, 0]
						},
						"0.875": {
							"vector": [0, 56.5, 0],
							"easing": "easeInOutSine"
						},
						"3.0833": {
							"vector": [0, 46.44, 0],
							"easing": "easeInOutSine"
						},
						"3.5": {
							"vector": [0, 0, 0]
						}
					},
					"position": {
						"0.0": {
							"vector": [0, 0, 0]
						},
						"3.0833": {
							"vector": [0, 0, 0],
							"easing": "easeInOutSine"
						},
						"3.5": {
							"vector": [0, 0, 0]
						}
					}
				},
				"bodyback2": {
					"rotation": {
						"0.0": {
							"vector": [0, 0, 0]
						},
						"1.3333": {
							"vector": [-12.30495, 22.68068, -13.26748],
							"easing": "easeInOutBack"
						},
						"3.0833": {
							"vector": [0, 23.22, 0],
							"easing": "easeInOutSine"
						},
						"3.5": {
							"vector": [0, 0, 0]
						}
					},
					"position": {
						"0.0": {
							"vector": [0, 0, 0]
						},
						"3.0833": {
							"vector": [0, 0, 0],
							"easing": "easeInOutSine"
						},
						"3.5": {
							"vector": [0, 0, 0]
						}
					}
				},
				"bodyback3": {
					"rotation": {
						"0.0": {
							"vector": [0, 0, 0]
						},
						"1.5417": {
							"vector": [0, -5, 0],
							"easing": "easeInOutBack"
						},
						"3.0833": {
							"vector": [0, 0, 0],
							"easing": "easeInOutSine"
						},
						"3.5": {
							"vector": [0, 0, 0]
						}
					}
				},
				"bodytail": {
					"rotation": {
						"0.0": {
							"vector": [0, 0, 0]
						},
						"1.3333": {
							"vector": [0, -60, 0],
							"easing": "easeInOutBack"
						},
						"3.0833": {
							"vector": [0, -45, 0],
							"easing": "easeInOutSine"
						},
						"3.5": {
							"vector": [0, 0, 0]
						}
					}
				},
				"body": {
					"rotation": {
						"0.0": {
							"vector": [0, 0, 0]
						},
						"0.4583": {
							"vector": [21.39, 47.23, 0]
						},
						"1.0": {
							"vector": [31.39, 47.23, 0],
							"easing": "easeInOutSine"
						},
						"3.0833": {
							"vector": [21.39, 47.23, 0],
							"easing": "easeInOutSine"
						},
						"3.5": {
							"vector": [0, 0, 0],
							"easing": "easeInOutExpo"
						}
					},
					"position": {
						"0.0": {
							"vector": [0, 0, 0]
						},
						"0.4583": {
							"vector": [0, -1.05, 0],
							"easing": "easeInOutSine"
						},
						"1.0": {
							"vector": [0, -2.05, 0],
							"easing": "easeInOutSine"
						},
						"3.0833": {
							"vector": [0, -1.05, 0],
							"easing": "easeInOutSine"
						},
						"3.5": {
							"vector": [0, 0, 0],
							"easing": "easeInOutExpo"
						}
					}
				},
				"rightleg": {
					"rotation": {
						"0.0": {
							"vector": [0, 0, 0]
						},
						"0.4583": {
							"vector": [0, 0, 45]
						},
						"3.0833": {
							"vector": [0, 0, 45]
						},
						"3.5": {
							"vector": [0, 0, 0]
						}
					}
				},
				"leftleg": {
					"rotation": {
						"0.0": {
							"vector": [0, 0, 0]
						},
						"0.4583": {
							"vector": [0, 0, -45]
						},
						"3.0833": {
							"vector": [0, 0, -45]
						},
						"3.5": {
							"vector": [0, 0, 0]
						}
					}
				},
				"rightarm": {
					"rotation": {
						"0.0": {
							"vector": [0, 0, 0]
						},
						"0.5": {
							"vector": [0, 0, 67.5]
						},
						"0.7083": {
							"vector": [-42.73502, -16.3882, -15.63367]
						},
						"1.75": {
							"vector": [-35.23502, -16.3882, -15.63367],
							"easing": "easeInOutSine"
						},
						"3.0833": {
							"vector": [-42.73502, -16.3882, -15.63367]
						},
						"3.5": {
							"vector": [0, 0, 0]
						}
					},
					"position": {
						"0.0": {
							"vector": [0, 0, 0]
						},
						"0.5": {
							"vector": [0, 0, 0]
						},
						"0.7083": {
							"vector": [2, -3, -5]
						},
						"1.75": {
							"vector": [2, -1, -6],
							"easing": "easeInOutSine"
						},
						"3.0833": {
							"vector": [2, -3, -5],
							"easing": "easeInOutSine"
						},
						"3.5": {
							"vector": [0, 0, 0]
						}
					}
				},
				"bone2": {
					"rotation": {
						"0.0": {
							"vector": [0, -23.22, 0]
						},
						"3.0833": {
							"vector": [0, -23.22, 0]
						},
						"3.5": {
							"vector": [0, -23.22, 0]
						}
					}
				},
				"bone3": {
					"rotation": {
						"0.0": {
							"vector": [0, -46.44, 0]
						},
						"2.625": {
							"vector": [0, -46.44, 0]
						},
						"3.5": {
							"vector": [0, -46.44, 0]
						}
					},
					"position": {
						"0.0": {
							"vector": [0, 1.03, 2.06]
						},
						"2.625": {
							"vector": [0, 1.03, 2.06]
						},
						"3.5": {
							"vector": [0, 1.03, 2.06]
						}
					},
					"scale": {
						"0.0": {
							"vector": [1, 1, 1.6192]
						},
						"2.625": {
							"vector": [1, 1, 1.6192]
						},
						"3.5": {
							"vector": [1, 1, 1.6192]
						}
					}
				},
				"all": {
					"position": {
						"0.0": {
							"vector": [0, 0, 0]
						},
						"0.4583": {
							"vector": [0, -4, 0],
							"easing": "easeInQuart"
						},
						"3.0833": {
							"vector": [0, -4, 0],
							"easing": "easeInQuart"
						},
						"3.5": {
							"vector": [0, 0, 0]
						}
					}
				},
				"head": {
					"rotation": {
						"0.0": {
							"vector": [0, 0, 0]
						},
						"3.5": {
							"vector": [0, 0, 0]
						}
					}
				},
				"neck": {
					"rotation": {
						"0.0": {
							"vector": [0, 0, 0]
						},
						"3.5": {
							"vector": [0, 0, 0]
						}
					}
				}
			}
		}
	},
	"geckolib_format_version": 2
}