{
	"format_version": "1.8.0",
	"animations": {
		"idle": {
			"loop": true,
			"animation_length": 4,
			"bones": {
				"head": {
					"rotation": {
						"0.0": {
							"vector": [0, 0, 0]
						},
						"2.0": {
							"vector": [2, 0, 0],
							"easing": "easeInOutSine"
						},
						"4.0": {
							"vector": [0, 0, 0],
							"easing": "easeInOutSine"
						}
					}
				},
				"rightarm": {
					"rotation": {
						"0.0": {
							"vector": [0, 0, 0]
						},
						"2.0": {
							"vector": [1, 0, 0],
							"easing": "easeInOutSine"
						},
						"4.0": {
							"vector": [0, 0, 0],
							"easing": "easeInOutSine"
						}
					}
				},
				"leftarm": {
					"rotation": {
						"0.0": {
							"vector": [0, 0, 0]
						},
						"2.0": {
							"vector": [1, 0, 0],
							"easing": "easeInOutSine"
						},
						"4.0": {
							"vector": [0, 0, 0],
							"easing": "easeInOutSine"
						}
					}
				}
			}
		},
		"walk": {
			"loop": true,
			"animation_length": 1.5,
			"bones": {
				"head": {
					"rotation": {
						"vector": [0, 0, 0]
					}
				},
				"rightarm": {
					"rotation": {
						"0.0": {
							"vector": [-10, 0, 0]
						},
						"0.75": {
							"vector": [22.5, 0, 0],
							"easing": "easeInOutSine"
						},
						"1.5": {
							"vector": [-10, 0, 0],
							"easing": "easeInOutSine"
						}
					}
				},
				"leftarm": {
					"rotation": {
						"0.0": {
							"vector": [22.5, 0, 0]
						},
						"0.75": {
							"vector": [-10, 0, 0],
							"easing": "easeInOutSine"
						},
						"1.5": {
							"vector": [22.5, 0, 0],
							"easing": "easeInOutSine"
						}
					}
				},
				"rightleg": {
					"rotation": {
						"0.0": {
							"vector": [22.5, 0, 0]
						},
						"0.75": {
							"vector": [-22.5, 0, 0],
							"easing": "easeInOutSine"
						},
						"1.5": {
							"vector": [22.5, 0, 0],
							"easing": "easeInOutSine"
						}
					}
				},
				"leftleg": {
					"rotation": {
						"0.0": {
							"vector": [-22.5, 0, 0]
						},
						"0.75": {
							"vector": [22.5, 0, 0],
							"easing": "easeInOutSine"
						},
						"1.5": {
							"vector": [-22.5, 0, 0],
							"easing": "easeInOutSine"
						}
					}
				},
				"all": {
					"rotation": {
						"0.0": {
							"vector": [0, 0, 0]
						},
						"0.3333": {
							"vector": [0, 0, 1],
							"easing": "easeOutSine"
						},
						"1.1667": {
							"vector": [0, 0, -1],
							"easing": "easeInOutSine"
						},
						"1.5": {
							"vector": [0, 0, 0],
							"easing": "easeInSine"
						}
					}
				},
				"torso": {
					"rotation": {
						"0.0": {
							"vector": [4.23, 0, 0]
						},
						"0.5": {
							"vector": [2.5, 0, 0],
							"easing": "easeOutSine"
						},
						"1.125": {
							"vector": [5, 0, 0],
							"easing": "easeOutSine"
						},
						"1.5": {
							"vector": [4.23, 0, 0],
							"easing": "easeInQuad"
						}
					}
				}
			}
		},
		"sprint": {
			"loop": true,
			"animation_length": 0.5,
			"bones": {
				"rightarm": {
					"rotation": {
						"0.0": {
							"vector": [35, 0, 0]
						},
						"0.25": {
							"vector": [-122.5, 0, 0],
							"easing": "easeInOutSine"
						},
						"0.5": {
							"vector": [35, 0, 0],
							"easing": "easeInOutSine"
						}
					}
				},
				"leftarm": {
					"rotation": {
						"0.0": {
							"vector": [-112.5, 0, 0]
						},
						"0.25": {
							"vector": [22.5, 0, 0],
							"easing": "easeInOutSine"
						},
						"0.5": {
							"vector": [-112.5, 0, 0],
							"easing": "easeInOutSine"
						}
					}
				},
				"rightleg": {
					"rotation": {
						"0.0": {
							"vector": [-67.5, 0, 0]
						},
						"0.25": {
							"vector": [67.5, 0, 0],
							"easing": "easeInOutSine"
						},
						"0.5": {
							"vector": [-67.5, 0, 0],
							"easing": "easeInOutSine"
						}
					}
				},
				"leftleg": {
					"rotation": {
						"0.0": {
							"vector": [67.5, 0, 0]
						},
						"0.25": {
							"vector": [-67.5, 0, 0],
							"easing": "easeInOutSine"
						},
						"0.5": {
							"vector": [67.5, 0, 0],
							"easing": "easeInOutSine"
						}
					}
				},
				"all": {
					"rotation": {
						"0.0": {
							"vector": [0, 0, 0]
						},
						"0.125": {
							"vector": [0, 0, 2.5],
							"easing": "easeInSine"
						},
						"0.375": {
							"vector": [0, 0, -2.5],
							"easing": "easeInSine"
						},
						"0.5": {
							"vector": [0, 0, 0],
							"easing": "easeOutSine"
						}
					},
					"position": {
						"0.0": {
							"vector": [0, 1, 0]
						},
						"0.125": {
							"vector": [0, 0, 0],
							"easing": "easeInOutCubic"
						},
						"0.25": {
							"vector": [0, 1, 0],
							"easing": "easeInOutCubic"
						},
						"0.375": {
							"vector": [0, 0, 0],
							"easing": "easeInOutCubic"
						},
						"0.5": {
							"vector": [0, 1, 0],
							"easing": "easeInOutCubic"
						}
					}
				},
				"head": {
					"rotation": {
						"0.0": {
							"vector": [-45, 0, 0]
						},
						"0.1667": {
							"vector": [-45, 0, 0],
							"easing": "easeInSine"
						},
						"0.2917": {
							"vector": [-55, 0, 0]
						},
						"0.4167": {
							"vector": [-55, 0, 0]
						},
						"0.5": {
							"vector": [-45, 0, 0],
							"easing": "easeOutSine"
						}
					},
					"position": {
						"0.0": {
							"vector": [0, 0, -2]
						},
						"0.2917": {
							"vector": [0, 0, 0]
						},
						"0.5": {
							"vector": [0, 0, -2]
						}
					}
				},
				"torso": {
					"rotation": {
						"0.0": {
							"vector": [45, 0, 0]
						},
						"0.25": {
							"vector": [55, 0, 0],
							"easing": "easeInOutBack"
						},
						"0.5": {
							"vector": [45, 0, 0],
							"easing": "easeInOutBack"
						}
					}
				}
			}
		},
		"charge_used": {
			"loop": true,
			"animation_length": 0.75,
			"bones": {
				"rightarm": {
					"rotation": {
						"0.0": {
							"vector": [0, 0, 0]
						},
						"0.0833": {
							"vector": [35, 0, 0]
						},
						"0.25": {
							"vector": [-167.5, 0, 0],
							"easing": "easeInOutSine"
						},
						"0.5": {
							"vector": [35, 0, 0],
							"easing": "easeInOutSine"
						},
						"0.75": {
							"vector": [0, 0, 0],
							"easing": "easeInOutSine"
						}
					}
				},
				"leftarm": {
					"rotation": {
						"0.0": {
							"vector": [0, 0, 0]
						},
						"0.0833": {
							"vector": [-112.5, 0, 0]
						},
						"0.25": {
							"vector": [22.5, 0, 0],
							"easing": "easeInOutSine"
						},
						"0.5": {
							"vector": [-157.5, 0, 0],
							"easing": "easeInOutSine"
						},
						"0.75": {
							"vector": [0, 0, 0],
							"easing": "easeInOutSine"
						}
					}
				},
				"rightleg": {
					"rotation": {
						"0.0": {
							"vector": [0, 0, 0]
						},
						"0.0833": {
							"vector": [-67.5, 0, 0],
							"easing": "easeInOutSine"
						},
						"0.25": {
							"vector": [67.5, 0, 0],
							"easing": "easeInOutSine"
						},
						"0.5": {
							"vector": [-67.5, 0, 0],
							"easing": "easeInOutSine"
						},
						"0.75": {
							"vector": [0, 0, 0],
							"easing": "easeInOutSine"
						}
					}
				},
				"leftleg": {
					"rotation": {
						"0.0": {
							"vector": [0, 0, 0]
						},
						"0.0833": {
							"vector": [67.5, 0, 0],
							"easing": "easeInOutSine"
						},
						"0.25": {
							"vector": [-67.5, 0, 0],
							"easing": "easeInOutSine"
						},
						"0.5": {
							"vector": [67.5, 0, 0],
							"easing": "easeInOutSine"
						},
						"0.75": {
							"vector": [0, 0, 0],
							"easing": "easeInOutSine"
						}
					}
				},
				"all": {
					"rotation": {
						"0.0": {
							"vector": [0, 0, 0]
						},
						"0.125": {
							"vector": [0, 0, 2.5],
							"easing": "easeInSine"
						},
						"0.375": {
							"vector": [0, 0, -2.5],
							"easing": "easeInSine"
						},
						"0.5": {
							"vector": [0, 0, 0],
							"easing": "easeOutSine"
						},
						"0.75": {
							"vector": [0, 0, 0],
							"easing": "easeInOutSine"
						}
					},
					"position": {
						"0.0": {
							"vector": [0, 1, 0]
						},
						"0.125": {
							"vector": [0, 0, 0],
							"easing": "easeInOutCubic"
						},
						"0.25": {
							"vector": [0, 1, 0],
							"easing": "easeInOutCubic"
						},
						"0.375": {
							"vector": [0, 0, 0],
							"easing": "easeInOutCubic"
						},
						"0.5": {
							"vector": [0, 1, 0],
							"easing": "easeInOutCubic"
						},
						"0.75": {
							"vector": [0, 1, 0],
							"easing": "easeInOutSine"
						}
					}
				},
				"head": {
					"rotation": {
						"0.0": {
							"vector": [0, 0, 0]
						},
						"0.0833": {
							"vector": [-45, 0, 0],
							"easing": "easeInSine"
						},
						"0.1667": {
							"vector": [-45, 0, 0],
							"easing": "easeInSine"
						},
						"0.2917": {
							"vector": [-55, 0, 0]
						},
						"0.4167": {
							"vector": [-55, 0, 0]
						},
						"0.5": {
							"vector": [-45, 0, 0],
							"easing": "easeOutSine"
						},
						"0.75": {
							"vector": [0, 0, 0],
							"easing": "easeInOutSine"
						}
					},
					"position": {
						"0.0": {
							"vector": [0, 0, 0]
						},
						"0.0833": {
							"vector": [0, 0, -2]
						},
						"0.2917": {
							"vector": [0, 0, 0]
						},
						"0.5": {
							"vector": [0, 0, -2]
						},
						"0.75": {
							"vector": [0, 0, 0],
							"easing": "easeInOutSine"
						}
					}
				},
				"torso": {
					"rotation": {
						"0.0": {
							"vector": [0, 0, 0]
						},
						"0.0833": {
							"vector": [45, 0, 0]
						},
						"0.25": {
							"vector": [55, 0, 0],
							"easing": "easeInOutBack"
						},
						"0.5833": {
							"vector": [45, 0, 0],
							"easing": "easeInOutBack"
						},
						"0.75": {
							"vector": [0, 0, 0],
							"easing": "easeInOutSine"
						}
					}
				}
			}
		}
	},
	"geckolib_format_version": 2
}