{
	"format_version": "1.8.0",
	"animations": {
		"idle": {
			"loop": true,
			"animation_length": 1,
			"bones": {
				"body": {
					"rotation": {
						"vector": [10, 0, 0]
					},
					"position": {
						"0.0": {
							"vector": [0, 0, -0.5]
						},
						"0.2917": {
							"vector": [0, -1, -0.5],
							"easing": "easeInOutSine"
						},
						"1.0": {
							"vector": [0, 0, -0.5],
							"easing": "easeInOutSine"
						}
					}
				},
				"head": {
					"rotation": {
						"0.0": {
							"vector": [-20, 0, 0]
						},
						"0.5": {
							"vector": [-15, 0, 0],
							"easing": "easeInOutSine"
						},
						"1.0": {
							"vector": [-20, 0, 0],
							"easing": "easeInOutSine"
						}
					},
					"position": {
						"0.0": {
							"vector": [0, 0, 0]
						},
						"0.5": {
							"vector": [0, -1, 0],
							"easing": "easeInOutSine"
						},
						"1.0": {
							"vector": [0, 0, 0],
							"easing": "easeInOutSine"
						}
					}
				},
				"botharms": {
					"rotation": {
						"vector": [-10, 0, 0]
					},
					"position": {
						"0.0": {
							"vector": [0, 0, 0]
						},
						"0.5": {
							"vector": [0, -2, 0],
							"easing": "easeInOutSine"
						},
						"1.0": {
							"vector": [0, 0, 0],
							"easing": "easeInOutSine"
						}
					}
				},
				"jaw": {
					"rotation": {
						"0.0": {
							"vector": [0, 0, 0]
						},
						"0.5": {
							"vector": [20, 0, 0],
							"easing": "easeInOutSine"
						},
						"1.0": {
							"vector": [0, 0, 0],
							"easing": "easeInOutSine"
						}
					}
				},
				"upperbody": {
					"position": {
						"0.0": {
							"vector": [0, 0, 0]
						},
						"0.375": {
							"vector": [0, 0, 0],
							"easing": "easeInOutSine"
						},
						"1.0": {
							"vector": [0, 0, 0],
							"easing": "easeInOutSine"
						}
					}
				},
				"leftarm": {
					"rotation": {
						"0.0": {
							"vector": [0, 0, 0]
						},
						"0.25": {
							"vector": [0, 0, -10]
						},
						"0.75": {
							"vector": [0, 0, 7.5]
						},
						"1.0": {
							"vector": [0, 0, 0]
						}
					}
				},
				"rightarm": {
					"rotation": {
						"0.0": {
							"vector": [0, 0, 0]
						},
						"0.25": {
							"vector": [0, 0, 10]
						},
						"0.75": {
							"vector": [0, 0, -7.5]
						},
						"1.0": {
							"vector": [0, 0, 0]
						}
					}
				}
			}
		},
		"walk": {
			"loop": true,
			"animation_length": 1.5,
			"bones": {
				"all": {
					"rotation": {
						"0.0": {
							"vector": [0, 0, 0]
						},
						"0.1667": {
							"vector": [0, 0, -5],
							"easing": "easeOutSine"
						},
						"0.5417": {
							"vector": [0, 0, 5],
							"easing": "easeInOutSine"
						},
						"0.75": {
							"vector": [0, 0, 0],
							"easing": "easeInSine"
						},
						"0.9167": {
							"vector": [0, 0, -5],
							"easing": "easeOutSine"
						},
						"1.2917": {
							"vector": [0, 0, 5],
							"easing": "easeInOutSine"
						},
						"1.5": {
							"vector": [0, 0, 0],
							"easing": "easeInSine"
						}
					},
					"position": {
						"0.0": {
							"vector": [0, 0, 0]
						},
						"0.1667": {
							"vector": [0, -3, 0],
							"easing": "easeOutQuad"
						},
						"0.375": {
							"vector": [0, 0, 0],
							"easing": "easeOutQuad"
						},
						"0.5417": {
							"vector": [0, -3, 0],
							"easing": "easeOutQuad"
						},
						"0.75": {
							"vector": [0, 0, 0],
							"easing": "easeOutQuad"
						},
						"0.9167": {
							"vector": [0, -3, 0],
							"easing": "easeOutQuad"
						},
						"1.125": {
							"vector": [0, 0, 0],
							"easing": "easeOutQuad"
						},
						"1.2917": {
							"vector": [0, -3, 0],
							"easing": "easeOutQuad"
						},
						"1.5": {
							"vector": [0, 0, 0],
							"easing": "easeOutQuad"
						}
					}
				},
				"body": {
					"rotation": {
						"0.0": {
							"vector": [22.5, 0, 0]
						},
						"0.25": {
							"vector": [7.5, 0, 0],
							"easing": "easeOutSine"
						},
						"0.5": {
							"vector": [40, 0, 0],
							"easing": "easeInOutSine"
						},
						"0.75": {
							"vector": [22.5, 0, 0],
							"easing": "easeInSine"
						},
						"1.0": {
							"vector": [7.5, 0, 0],
							"easing": "easeOutSine"
						},
						"1.25": {
							"vector": [40, 0, 0],
							"easing": "easeInOutSine"
						},
						"1.5": {
							"vector": [22.5, 0, 0],
							"easing": "easeInSine"
						}
					},
					"position": {
						"0.0": {
							"vector": [0, 0, -2]
						},
						"0.375": {
							"vector": [0, 1, -1],
							"easing": "easeInOutSine"
						},
						"0.75": {
							"vector": [0, 0, -2],
							"easing": "easeInOutSine"
						},
						"1.125": {
							"vector": [0, 1, -1],
							"easing": "easeInOutSine"
						},
						"1.5": {
							"vector": [0, 0, -2],
							"easing": "easeInOutSine"
						}
					}
				},
				"head": {
					"rotation": {
						"0.0": {
							"vector": [-22.5, 0, 0]
						},
						"0.4583": {
							"vector": [-21.84373, -1.68868, -42.47283],
							"easing": "easeInOutBack"
						},
						"1.0": {
							"vector": [-21.68956, 1.84293, 47.47282],
							"easing": "easeInOutBack"
						},
						"1.5": {
							"vector": [-22.5, 0, 0],
							"easing": "easeInOutBack"
						}
					},
					"position": {
						"0.0": {
							"vector": [0, -2, 0]
						},
						"0.1667": {
							"vector": [0, 1, 0],
							"easing": "easeOutSine"
						},
						"0.5417": {
							"vector": [0, -2, 0],
							"easing": "easeInOutSine"
						},
						"0.75": {
							"vector": [0, -2, 0],
							"easing": "easeInSine"
						},
						"0.9167": {
							"vector": [0, 1, 0],
							"easing": "easeOutSine"
						},
						"1.2917": {
							"vector": [0, -2, 0],
							"easing": "easeInOutSine"
						},
						"1.5": {
							"vector": [0, -2, 0],
							"easing": "easeInSine"
						}
					}
				},
				"jaw": {
					"rotation": {
						"0.0": {
							"vector": [0, 0, 0]
						},
						"0.375": {
							"vector": [45, 0, 0],
							"easing": "easeInOutSine"
						},
						"0.75": {
							"vector": [0, 0, 0],
							"easing": "easeInOutSine"
						},
						"1.125": {
							"vector": [45, 0, 0],
							"easing": "easeInOutSine"
						},
						"1.5": {
							"vector": [0, 0, 0],
							"easing": "easeInOutSine"
						}
					}
				},
				"leftarm": {
					"rotation": {
						"0.0": {
							"vector": [0, 0, -10]
						},
						"0.1667": {
							"vector": [47.5, 0, -30],
							"easing": "easeInOutSine"
						},
						"0.5": {
							"vector": [-67.5, -20, -30],
							"easing": "easeInOutSine"
						},
						"0.75": {
							"vector": [0, 0, -10],
							"easing": "easeOutSine"
						},
						"0.9167": {
							"vector": [47.5, 0, -30],
							"easing": "easeInOutSine"
						},
						"1.25": {
							"vector": [-61.81893, -40.4073, -41.08847],
							"easing": "easeInOutSine"
						},
						"1.5": {
							"vector": [0, 0, -10],
							"easing": "easeOutSine"
						}
					},
					"position": {
						"0.0": {
							"vector": [0, 0, 0]
						},
						"0.4583": {
							"vector": [0, -4, 0],
							"easing": "easeInOutSine"
						},
						"0.75": {
							"vector": [0, 0, 0],
							"easing": "easeInOutSine"
						},
						"1.2083": {
							"vector": [0, -4, 0],
							"easing": "easeInOutSine"
						},
						"1.5": {
							"vector": [0, 0, 0],
							"easing": "easeInOutSine"
						}
					}
				},
				"rightarm": {
					"rotation": {
						"0.0": {
							"vector": [0, 0, 10]
						},
						"0.1667": {
							"vector": [-42.18626, 17.38772, 38.2489],
							"easing": "easeOutSine"
						},
						"0.5417": {
							"vector": [35, 0, 30],
							"easing": "easeInOutSine"
						},
						"0.75": {
							"vector": [0, 0, 10],
							"easing": "easeInSine"
						},
						"0.9167": {
							"vector": [-45, 0, 20],
							"easing": "easeOutSine"
						},
						"1.2917": {
							"vector": [35, 0, 30],
							"easing": "easeInOutSine"
						},
						"1.5": {
							"vector": [0, 0, 10],
							"easing": "easeInSine"
						}
					},
					"position": {
						"0.0": {
							"vector": [0, 0, 0]
						},
						"0.2917": {
							"vector": [0, -5, 0],
							"easing": "easeInOutSine"
						},
						"0.75": {
							"vector": [0, 0, 0],
							"easing": "easeInOutSine"
						},
						"1.0417": {
							"vector": [0, -5, 0],
							"easing": "easeInOutSine"
						},
						"1.5": {
							"vector": [0, 0, 0],
							"easing": "easeInOutSine"
						}
					}
				},
				"leftleg": {
					"rotation": {
						"0.0": {
							"vector": [0, 0, 0]
						},
						"0.1667": {
							"vector": [67.5, 0, 0],
							"easing": "easeOutSine"
						},
						"0.5417": {
							"vector": [-67.5, 0, 0],
							"easing": "easeInOutSine"
						},
						"0.75": {
							"vector": [0, 0, 0],
							"easing": "easeInSine"
						},
						"0.9167": {
							"vector": [67.5, 0, 0],
							"easing": "easeOutSine"
						},
						"1.2917": {
							"vector": [-67.5, 0, 0],
							"easing": "easeInOutSine"
						},
						"1.5": {
							"vector": [0, 0, 0],
							"easing": "easeInSine"
						}
					}
				},
				"rightleg": {
					"rotation": {
						"0.0": {
							"vector": [0, 0, 0]
						},
						"0.1667": {
							"vector": [-67.5, 0, 0],
							"easing": "easeOutSine"
						},
						"0.5417": {
							"vector": [67.5, 0, 0],
							"easing": "easeInOutSine"
						},
						"0.75": {
							"vector": [0, 0, 0],
							"easing": "easeInSine"
						},
						"0.9167": {
							"vector": [-67.5, 0, 0],
							"easing": "easeOutSine"
						},
						"1.2917": {
							"vector": [67.5, 0, 0],
							"easing": "easeInOutSine"
						},
						"1.5": {
							"vector": [0, 0, 0],
							"easing": "easeInSine"
						}
					}
				},
				"upperbody": {
					"position": {
						"0.0": {
							"vector": [0, 0, 0]
						},
						"0.1667": {
							"vector": [0, 1, 0],
							"easing": "easeOutSine"
						},
						"0.375": {
							"vector": [0, 3.41, -0.29],
							"easing": "easeInOutSine"
						},
						"0.5417": {
							"vector": [0, -2, -3],
							"easing": "easeInOutSine"
						},
						"0.75": {
							"vector": [0, 0, 0],
							"easing": "easeInSine"
						},
						"0.9167": {
							"vector": [0, 1, 0],
							"easing": "easeOutSine"
						},
						"1.125": {
							"vector": [0, 3.41, -0.29],
							"easing": "easeInOutSine"
						},
						"1.2917": {
							"vector": [0, -2, -3],
							"easing": "easeInOutSine"
						},
						"1.5": {
							"vector": [0, 0, 0],
							"easing": "easeInSine"
						}
					}
				},
				"botharms": {
					"rotation": {
						"0.0": {
							"vector": [-112.5, 0, 0]
						},
						"0.375": {
							"vector": [-90, 0, 0],
							"easing": "easeInOutSine"
						},
						"0.75": {
							"vector": [-112.5, 0, 0],
							"easing": "easeInOutSine"
						},
						"1.125": {
							"vector": [-90, 0, 0],
							"easing": "easeInOutSine"
						},
						"1.5": {
							"vector": [-112.5, 0, 0],
							"easing": "easeInOutSine"
						}
					},
					"position": {
						"vector": [0, -2, 0]
					}
				}
			}
		},
		"sprint": {
			"loop": true,
			"animation_length": 1.5,
			"bones": {
				"all": {
					"rotation": {
						"0.0": {
							"vector": [0, 0, 0]
						},
						"0.25": {
							"vector": [2, 0, -2],
							"easing": "easeOutSine"
						},
						"0.5833": {
							"vector": [5, 0, 2],
							"easing": "easeInOutSine"
						},
						"0.75": {
							"vector": [0, 0, 0],
							"easing": "easeInSine"
						},
						"1.0": {
							"vector": [2, 0, -2],
							"easing": "easeOutSine"
						},
						"1.3333": {
							"vector": [5, 0, 2],
							"easing": "easeInOutSine"
						},
						"1.5": {
							"vector": [0, 0, 0],
							"easing": "easeInSine"
						}
					},
					"position": {
						"0.0": {
							"vector": [0, 0, 0]
						},
						"0.2083": {
							"vector": [0, -0.5, 0],
							"easing": "easeOutSine"
						},
						"0.375": {
							"vector": [0, 0.25, 0],
							"easing": "easeInOutSine"
						},
						"0.5833": {
							"vector": [0, -0.5, 0],
							"easing": "easeInOutSine"
						},
						"0.75": {
							"vector": [0, 0, 0],
							"easing": "easeInOutSine"
						},
						"0.9583": {
							"vector": [0, -0.5, 0],
							"easing": "easeInOutSine"
						},
						"1.125": {
							"vector": [0, 0.25, 0],
							"easing": "easeInOutSine"
						},
						"1.3333": {
							"vector": [0, -0.5, 0],
							"easing": "easeInOutSine"
						},
						"1.5": {
							"vector": [0, 0, 0],
							"easing": "easeInSine"
						}
					}
				},
				"body": {
					"rotation": {
						"0.0": {
							"vector": [0, 0, 0]
						},
						"0.3333": {
							"vector": [27.5, 0, 0],
							"easing": "easeInOutSine"
						},
						"0.75": {
							"vector": [0, 0, 0],
							"easing": "easeInOutSine"
						},
						"1.0833": {
							"vector": [5, 0, 0],
							"easing": "easeInOutSine"
						},
						"1.5": {
							"vector": [0, 0, 0],
							"easing": "easeInOutSine"
						}
					}
				},
				"head": {
					"rotation": {
						"0.0": {
							"vector": [0, 0, 0]
						},
						"1.0": {
							"vector": [7.5, 0, 0],
							"easing": "easeInOutSine"
						}
					}
				},
				"jaw": {
					"rotation": {
						"vector": [0, 0, 0]
					}
				},
				"leftarm": {
					"rotation": {
						"0.0": {
							"vector": [0, 0, 0]
						},
						"0.2083": {
							"vector": [22.5, 0, 0],
							"easing": "easeOutSine"
						},
						"0.5833": {
							"vector": [-22.5, 0, 0],
							"easing": "easeInOutSine"
						},
						"0.75": {
							"vector": [0, 0, 0],
							"easing": "easeInSine"
						},
						"0.9583": {
							"vector": [22.5, 0, 0],
							"easing": "easeOutSine"
						},
						"1.3333": {
							"vector": [-22.5, 0, 0],
							"easing": "easeInOutSine"
						},
						"1.5": {
							"vector": [0, 0, 0],
							"easing": "easeInSine"
						}
					}
				},
				"rightarm": {
					"rotation": {
						"0.0": {
							"vector": [0, 0, 0]
						},
						"0.2083": {
							"vector": [-22.5, 0, 0],
							"easing": "easeOutSine"
						},
						"0.5833": {
							"vector": [22.5, 0, 0],
							"easing": "easeInOutSine"
						},
						"0.75": {
							"vector": [0, 0, 0],
							"easing": "easeInSine"
						},
						"0.9583": {
							"vector": [-22.5, 0, 0],
							"easing": "easeOutSine"
						},
						"1.3333": {
							"vector": [22.5, 0, 0],
							"easing": "easeInOutSine"
						},
						"1.5": {
							"vector": [0, 0, 0],
							"easing": "easeInSine"
						}
					}
				},
				"leftleg": {
					"rotation": {
						"0.0": {
							"vector": [0, 0, 0]
						},
						"0.2083": {
							"vector": [-22.5, 0, 0],
							"easing": "easeOutSine"
						},
						"0.5833": {
							"vector": [22.5, 0, 0],
							"easing": "easeInOutSine"
						},
						"0.75": {
							"vector": [0, 0, 0],
							"easing": "easeInSine"
						},
						"0.9583": {
							"vector": [-22.5, 0, 0],
							"easing": "easeOutSine"
						},
						"1.3333": {
							"vector": [22.5, 0, 0],
							"easing": "easeInOutSine"
						},
						"1.5": {
							"vector": [0, 0, 0],
							"easing": "easeInSine"
						}
					}
				},
				"rightleg": {
					"rotation": {
						"0.0": {
							"vector": [0, 0, 0]
						},
						"0.2083": {
							"vector": [22.5, 0, 0],
							"easing": "easeOutSine"
						},
						"0.5833": {
							"vector": [-22.5, 0, 0],
							"easing": "easeInOutSine"
						},
						"0.75": {
							"vector": [0, 0, 0],
							"easing": "easeInSine"
						},
						"0.9583": {
							"vector": [22.5, 0, 0],
							"easing": "easeOutSine"
						},
						"1.3333": {
							"vector": [-22.5, 0, 0],
							"easing": "easeInOutSine"
						},
						"1.5": {
							"vector": [0, 0, 0],
							"easing": "easeInSine"
						}
					}
				}
			}
		},
		"roar": {
			"loop": true,
			"animation_length": 1,
			"override_previous_animation": true,
			"bones": {
				"body": {
					"rotation": {
						"0.0": {
							"vector": [0, 0, 0]
						},
						"0.125": {
							"vector": [45, 0, 0],
							"easing": "easeInOutSine"
						},
						"0.75": {
							"vector": [-36.53, 0, 0],
							"easing": "easeInOutSine"
						},
						"1.0": {
							"vector": [0, 0, 0],
							"easing": "easeInOutSine"
						}
					},
					"position": {
						"0.0": {
							"vector": [0, 0, 0]
						},
						"0.125": {
							"vector": [0, 0, -3.5],
							"easing": "easeInOutSine"
						},
						"0.75": {
							"vector": [0, 0, 1.34],
							"easing": "easeInOutSine"
						},
						"1.0": {
							"vector": [0, 0, 0],
							"easing": "easeInOutSine"
						}
					}
				},
				"head": {
					"rotation": {
						"0.0": {
							"vector": [2.5, 0, 0]
						},
						"0.2083": {
							"vector": [2.5, 0, 0],
							"easing": "easeInOutSine"
						},
						"0.75": {
							"vector": [-65, 0, 0],
							"easing": "easeInOutBounce"
						},
						"1.0": {
							"vector": [2.5, 0, 0],
							"easing": "easeInOutSine"
						}
					},
					"position": {
						"0.0": {
							"vector": [0, 0, 0]
						},
						"0.75": {
							"vector": [0, 0, -2]
						},
						"1.0": {
							"vector": [0, 0, 0]
						}
					},
					"scale": {
						"0.0": {
							"vector": [1, 1, 1]
						},
						"0.125": {
							"vector": [1, 1, 1]
						},
						"0.75": {
							"vector": [1.4, 1.4, 1.4]
						},
						"1.0": {
							"vector": [1, 1, 1]
						}
					}
				},
				"botharms": {
					"rotation": {
						"0.0": {
							"vector": [0, 0, 0]
						},
						"1.0": {
							"vector": [0, 0, 0],
							"easing": "easeInOutSine"
						}
					}
				},
				"jaw": {
					"rotation": {
						"0.0": {
							"vector": [0, 0, 0]
						},
						"0.2083": {
							"vector": [0, 0, 0],
							"easing": "easeInOutSine"
						},
						"0.375": {
							"vector": [45, 0, 0],
							"easing": "easeInOutSine"
						},
						"0.75": {
							"vector": [90, 0, 0],
							"easing": "easeInOutSine"
						},
						"1.0": {
							"vector": [0, 0, 0],
							"easing": "easeInOutSine"
						}
					},
					"position": {
						"0.0": {
							"vector": [0, 0, 0]
						},
						"0.75": {
							"vector": [0, -2, 1]
						},
						"1.0": {
							"vector": [0, 0, 0]
						}
					}
				},
				"all": {
					"rotation": {
						"0.0": {
							"vector": [0, 0, 0]
						},
						"0.125": {
							"vector": [5, 0, 0],
							"easing": "easeInOutElastic"
						},
						"0.75": {
							"vector": [-10, 0, 0],
							"easing": "easeInOutElastic"
						},
						"1.0": {
							"vector": [0, 0, 0],
							"easing": "easeInOutElastic"
						}
					}
				},
				"upperbody": {
					"rotation": {
						"0.0": {
							"vector": [0, 0, 0]
						},
						"0.125": {
							"vector": [0, 0, 0],
							"easing": "easeInOutSine"
						},
						"0.375": {
							"vector": [0, 5, 0],
							"easing": "easeInOutBounce"
						},
						"0.75": {
							"vector": [0, -5, 0],
							"easing": "easeInOutBounce"
						},
						"1.0": {
							"vector": [0, 0, 0],
							"easing": "easeInOutSine"
						}
					}
				},
				"leftarm": {
					"rotation": {
						"0.0": {
							"vector": [0, 0, 0]
						},
						"0.125": {
							"vector": [-45, 25, 0],
							"easing": "easeInOutSine"
						},
						"0.4583": {
							"vector": [-100, -60, 0],
							"easing": "easeInOutSine"
						},
						"0.75": {
							"vector": [-100, -60, 0],
							"easing": "easeInOutSine"
						},
						"1.0": {
							"vector": [0, 0, 0],
							"easing": "easeInOutSine"
						}
					}
				},
				"rightarm": {
					"rotation": {
						"0.0": {
							"vector": [0, 0, 0]
						},
						"0.125": {
							"vector": [-45, -24, 0],
							"easing": "easeInOutSine"
						},
						"0.4583": {
							"vector": [-100, 60, 0],
							"easing": "easeInOutSine"
						},
						"0.75": {
							"vector": [-100, 60, 0],
							"easing": "easeInOutSine"
						},
						"1.0": {
							"vector": [0, 0, 0],
							"easing": "easeInOutSine"
						}
					}
				}
			}
		},
		"attack": {
			"loop": true,
			"animation_length": 0.5,
			"bones": {
				"body": {
					"rotation": {
						"0.0": {
							"vector": [0, 0, 0]
						},
						"0.1667": {
							"vector": [22.5, 0, 0],
							"easing": "easeInBack"
						},
						"0.375": {
							"vector": [33.75, 0, 0],
							"easing": "easeInBack"
						},
						"0.5": {
							"vector": [0, 0, 0],
							"easing": "easeInOutSine"
						}
					},
					"position": {
						"0.0": {
							"vector": [0, 0, 0]
						},
						"0.1667": {
							"vector": [0, 0, -1.5],
							"easing": "easeInBack"
						},
						"0.375": {
							"vector": [0, 0, -2.5],
							"easing": "easeInBack"
						},
						"0.5": {
							"vector": [0, 0, 0],
							"easing": "easeInOutSine"
						}
					}
				},
				"head": {
					"rotation": {
						"0.0": {
							"vector": [2.5, 0, 0]
						},
						"0.1667": {
							"vector": [-60, 0, -20],
							"easing": "easeInBack"
						},
						"0.375": {
							"vector": [2.5, 0, 0],
							"easing": "easeInBack"
						},
						"0.5": {
							"vector": [2.5, 0, 0],
							"easing": "easeInOutSine"
						}
					}
				},
				"botharms": {
					"rotation": {
						"0.0": {
							"vector": [0, 0, 0]
						},
						"0.25": {
							"vector": [22.5, 0, 0],
							"easing": "easeInSine"
						},
						"0.5": {
							"vector": [0, 0, 0],
							"easing": "easeInOutSine"
						}
					}
				},
				"jaw": {
					"rotation": {
						"0.0": {
							"vector": [0, 0, 0]
						},
						"0.1667": {
							"vector": [90, 0, 0],
							"easing": "easeInBack"
						},
						"0.375": {
							"vector": [0, 0, 0],
							"easing": "easeInBack"
						},
						"0.5": {
							"vector": [0, 0, 0],
							"easing": "easeInOutSine"
						}
					}
				},
				"all": {
					"rotation": {
						"0.0": {
							"vector": [0, 0, 0]
						},
						"0.2917": {
							"vector": [7.5, 0, 0],
							"easing": "easeInSine"
						},
						"0.5": {
							"vector": [0, 0, 0],
							"easing": "easeInOutSine"
						}
					}
				}
			}
		},
		"petrified": {
			"loop": "hold_on_last_frame",
			"bones": {
				"body": {
					"rotation": {
						"vector": [-22.5, 0, 0]
					}
				},
				"head": {
					"rotation": {
						"vector": [-67.5, 0, 0]
					}
				},
				"jaw": {
					"rotation": {
						"vector": [90, 0, 0]
					}
				},
				"botharms": {
					"rotation": {
						"vector": [22.5, 0, 0]
					}
				}
			}
		}
	}
}