{
	"format_version": "1.8.0",
	"animations": {
		"idle": {
			"loop": true,
			"animation_length": 2,
			"bones": {
				"leftwing": {
					"rotation": {
						"0.0": {
							"vector": [0, 45, 0]
						},
						"0.1667": {
							"vector": [0, -35, 0],
							"easing": "easeInOutSine"
						},
						"0.3333": {
							"vector": [0, 45, 0],
							"easing": "easeInOutSine"
						},
						"0.5": {
							"vector": [0, -35, 0],
							"easing": "easeInOutSine"
						},
						"0.6667": {
							"vector": [0, 45, 0],
							"easing": "easeInOutSine"
						},
						"0.8333": {
							"vector": [0, -35, 0],
							"easing": "easeInOutSine"
						},
						"1.0": {
							"vector": [0, 45, 0]
						},
						"1.1667": {
							"vector": [0, -35, 0],
							"easing": "easeInOutSine"
						},
						"1.3333": {
							"vector": [0, 45, 0],
							"easing": "easeInOutSine"
						},
						"1.5": {
							"vector": [0, -35, 0],
							"easing": "easeInOutSine"
						},
						"1.6667": {
							"vector": [0, 45, 0],
							"easing": "easeInOutSine"
						},
						"1.8333": {
							"vector": [0, -35, 0],
							"easing": "easeInOutSine"
						},
						"2.0": {
							"vector": [0, 45, 0],
							"easing": "easeInOutSine"
						}
					}
				},
				"rightwing": {
					"rotation": {
						"0.0": {
							"vector": [0, -45, 0]
						},
						"0.1667": {
							"vector": [0, 35, 0],
							"easing": "easeInOutSine"
						},
						"0.3333": {
							"vector": [0, -45, 0],
							"easing": "easeInOutSine"
						},
						"0.5": {
							"vector": [0, 35, 0],
							"easing": "easeInOutSine"
						},
						"0.6667": {
							"vector": [0, -45, 0],
							"easing": "easeInOutSine"
						},
						"0.8333": {
							"vector": [0, 35, 0],
							"easing": "easeInOutSine"
						},
						"1.0": {
							"vector": [0, -45, 0]
						},
						"1.1667": {
							"vector": [0, 35, 0],
							"easing": "easeInOutSine"
						},
						"1.3333": {
							"vector": [0, -45, 0],
							"easing": "easeInOutSine"
						},
						"1.5": {
							"vector": [0, 35, 0],
							"easing": "easeInOutSine"
						},
						"1.6667": {
							"vector": [0, -45, 0],
							"easing": "easeInOutSine"
						},
						"1.8333": {
							"vector": [0, 35, 0],
							"easing": "easeInOutSine"
						},
						"2.0": {
							"vector": [0, -45, 0],
							"easing": "easeInOutSine"
						}
					}
				},
				"all": {
					"position": {
						"0.0": {
							"vector": [0, 0, 0]
						},
						"1.0": {
							"vector": [0, 1, 0],
							"easing": "easeInOutSine"
						},
						"2.0": {
							"vector": [0, 0, 0],
							"easing": "easeInOutSine"
						}
					}
				},
				"head": {
					"rotation": {
						"0.0": {
							"vector": [10, 0, 0]
						},
						"1.1667": {
							"vector": [7.5, 0, 0],
							"easing": "easeInOutSine"
						},
						"2.0": {
							"vector": [10, 0, 0]
						}
					},
					"position": {
						"0.0": {
							"vector": [0, 0, 0]
						},
						"1.1667": {
							"vector": [0, 0.25, 0],
							"easing": "easeInSine"
						},
						"2.0": {
							"vector": [0, 0, 0],
							"easing": "easeOutSine"
						}
					}
				},
				"antenna": {
					"rotation": {
						"0.75": {
							"vector": [0, 0, 0]
						},
						"0.875": {
							"vector": [12.5, 0, 0]
						},
						"1.0": {
							"vector": [0, 0, 0]
						}
					}
				},
				"torso": {
					"rotation": {
						"0.0": {
							"vector": [0, 0, 0]
						},
						"1.0": {
							"vector": [-2.5, 0, 0],
							"easing": "easeInOutCubic"
						},
						"2.0": {
							"vector": [0, 0, 0],
							"easing": "easeInOutCubic"
						}
					}
				},
				"leftarms1": {
					"rotation": {
						"0.0": {
							"vector": [0, 17.5, 0],
							"easing": "easeInOutCirc"
						},
						"1.0": {
							"vector": [0, -45, 0],
							"easing": "easeInOutSine"
						},
						"2.0": {
							"vector": [0, 17.5, 0],
							"easing": "easeInOutCirc"
						}
					}
				},
				"leftarms2": {
					"rotation": {
						"0.0": {
							"vector": [0, 20, 0],
							"easing": "easeInOutSine"
						},
						"1.5": {
							"vector": [0, -30, 0],
							"easing": "easeInOutSine"
						},
						"2.0": {
							"vector": [0, 20, 0],
							"easing": "easeInOutCirc"
						}
					}
				},
				"leftarms3": {
					"rotation": {
						"0.0": {
							"vector": [0, 15, 0],
							"easing": "easeInOutSine"
						},
						"0.1667": {
							"vector": [0, 26.13, 0],
							"easing": "easeOutSine"
						},
						"1.5": {
							"vector": [0, -22.5, 0],
							"easing": "easeInSine"
						},
						"2.0": {
							"vector": [0, 15, 0],
							"easing": "easeInExpo"
						}
					}
				},
				"rightarms1": {
					"rotation": {
						"0.0": {
							"vector": [0, -17.5, 0],
							"easing": "easeInOutCirc"
						},
						"1.0": {
							"vector": [0, 45, 0],
							"easing": "easeInOutSine"
						},
						"2.0": {
							"vector": [0, -17.5, 0],
							"easing": "easeInOutCirc"
						}
					}
				},
				"rightarms2": {
					"rotation": {
						"0.0": {
							"vector": [0, -20, 0],
							"easing": "easeInOutSine"
						},
						"1.5": {
							"vector": [0, 32.5, 0],
							"easing": "easeInOutSine"
						},
						"2.0": {
							"vector": [0, -20, 0],
							"easing": "easeInOutCirc"
						}
					}
				},
				"rightarms3": {
					"rotation": {
						"0.0": {
							"vector": [0, -15, 0],
							"easing": "easeInOutSine"
						},
						"0.1667": {
							"vector": [0, -26.37, 0],
							"easing": "easeOutSine"
						},
						"1.5": {
							"vector": [0, 22.5, 0],
							"easing": "easeInSine"
						},
						"2.0": {
							"vector": [0, -15, 0],
							"easing": "easeInExpo"
						}
					}
				},
				"tail": {
					"rotation": {
						"0.0": {
							"vector": [0, 0, 0]
						},
						"1.0833": {
							"vector": [-17.5, 0, 0],
							"easing": "easeInOutSine"
						},
						"2.0": {
							"vector": [0, 0, 0],
							"easing": "easeInOutSine"
						}
					}
				},
				"stinger": {
					"rotation": {
						"0.0": {
							"vector": [0, 0, 0]
						},
						"1.3333": {
							"vector": [-22.5, 0, 0],
							"easing": "easeInOutSine"
						},
						"2.0": {
							"vector": [0, 0, 0],
							"easing": "easeInOutSine"
						}
					}
				}
			}
		},
		"flying": {
			"loop": true,
			"animation_length": 2,
			"bones": {
				"leftwing": {
					"rotation": {
						"0.0": {
							"vector": [0, 45, 0]
						},
						"0.1667": {
							"vector": [0, -35, 0],
							"easing": "easeInOutSine"
						},
						"0.3333": {
							"vector": [0, 45, 0],
							"easing": "easeInOutSine"
						},
						"0.5": {
							"vector": [0, -35, 0],
							"easing": "easeInOutSine"
						},
						"0.6667": {
							"vector": [0, 45, 0],
							"easing": "easeInOutSine"
						},
						"0.8333": {
							"vector": [0, -35, 0],
							"easing": "easeInOutSine"
						},
						"1.0": {
							"vector": [0, 45, 0]
						},
						"1.1667": {
							"vector": [0, -35, 0],
							"easing": "easeInOutSine"
						},
						"1.3333": {
							"vector": [0, 45, 0],
							"easing": "easeInOutSine"
						},
						"1.5": {
							"vector": [0, -35, 0],
							"easing": "easeInOutSine"
						},
						"1.6667": {
							"vector": [0, 45, 0],
							"easing": "easeInOutSine"
						},
						"1.8333": {
							"vector": [0, -35, 0],
							"easing": "easeInOutSine"
						},
						"2.0": {
							"vector": [0, 45, 0],
							"easing": "easeInOutSine"
						}
					}
				},
				"rightwing": {
					"rotation": {
						"0.0": {
							"vector": [0, -45, 0]
						},
						"0.1667": {
							"vector": [0, 35, 0],
							"easing": "easeInOutSine"
						},
						"0.3333": {
							"vector": [0, -45, 0],
							"easing": "easeInOutSine"
						},
						"0.5": {
							"vector": [0, 35, 0],
							"easing": "easeInOutSine"
						},
						"0.6667": {
							"vector": [0, -45, 0],
							"easing": "easeInOutSine"
						},
						"0.8333": {
							"vector": [0, 35, 0],
							"easing": "easeInOutSine"
						},
						"1.0": {
							"vector": [0, -45, 0]
						},
						"1.1667": {
							"vector": [0, 35, 0],
							"easing": "easeInOutSine"
						},
						"1.3333": {
							"vector": [0, -45, 0],
							"easing": "easeInOutSine"
						},
						"1.5": {
							"vector": [0, 35, 0],
							"easing": "easeInOutSine"
						},
						"1.6667": {
							"vector": [0, -45, 0],
							"easing": "easeInOutSine"
						},
						"1.8333": {
							"vector": [0, 35, 0],
							"easing": "easeInOutSine"
						},
						"2.0": {
							"vector": [0, -45, 0],
							"easing": "easeInOutSine"
						}
					}
				},
				"all": {
					"position": {
						"0.0": {
							"vector": [0, 0, 0]
						},
						"1.0": {
							"vector": [0, 1, 0],
							"easing": "easeInOutSine"
						},
						"2.0": {
							"vector": [0, 0, 0],
							"easing": "easeInOutSine"
						}
					}
				},
				"head": {
					"rotation": {
						"0.0": {
							"vector": [10, 0, 0]
						},
						"1.1667": {
							"vector": [7.5, 0, 0],
							"easing": "easeInOutSine"
						},
						"2.0": {
							"vector": [10, 0, 0]
						}
					},
					"position": {
						"0.0": {
							"vector": [0, 0, 0]
						},
						"1.1667": {
							"vector": [0, 0.25, 0],
							"easing": "easeInSine"
						},
						"2.0": {
							"vector": [0, 0, 0],
							"easing": "easeOutSine"
						}
					}
				},
				"antenna": {
					"rotation": {
						"0.75": {
							"vector": [0, 0, 0]
						},
						"0.875": {
							"vector": [12.5, 0, 0]
						},
						"1.0": {
							"vector": [0, 0, 0]
						}
					}
				},
				"torso": {
					"rotation": {
						"0.0": {
							"vector": [0, 0, 0]
						},
						"1.0": {
							"vector": [-2.5, 0, 0],
							"easing": "easeInOutCubic"
						},
						"2.0": {
							"vector": [0, 0, 0],
							"easing": "easeInOutCubic"
						}
					}
				},
				"leftarms1": {
					"rotation": {
						"0.0": {
							"vector": [0, 17.5, 0],
							"easing": "easeInOutCirc"
						},
						"1.0": {
							"vector": [0, -45, 0],
							"easing": "easeInOutSine"
						},
						"2.0": {
							"vector": [0, 17.5, 0],
							"easing": "easeInOutCirc"
						}
					}
				},
				"leftarms2": {
					"rotation": {
						"0.0": {
							"vector": [0, 20, 0],
							"easing": "easeInOutSine"
						},
						"1.5": {
							"vector": [0, -30, 0],
							"easing": "easeInOutSine"
						},
						"2.0": {
							"vector": [0, 20, 0],
							"easing": "easeInOutCirc"
						}
					}
				},
				"leftarms3": {
					"rotation": {
						"0.0": {
							"vector": [0, 15, 0],
							"easing": "easeInOutSine"
						},
						"0.1667": {
							"vector": [0, 26.13, 0],
							"easing": "easeOutSine"
						},
						"1.5": {
							"vector": [0, -22.5, 0],
							"easing": "easeInSine"
						},
						"2.0": {
							"vector": [0, 15, 0],
							"easing": "easeInExpo"
						}
					}
				},
				"rightarms1": {
					"rotation": {
						"0.0": {
							"vector": [0, -17.5, 0],
							"easing": "easeInOutCirc"
						},
						"1.0": {
							"vector": [0, 45, 0],
							"easing": "easeInOutSine"
						},
						"2.0": {
							"vector": [0, -17.5, 0],
							"easing": "easeInOutCirc"
						}
					}
				},
				"rightarms2": {
					"rotation": {
						"0.0": {
							"vector": [0, -20, 0],
							"easing": "easeInOutSine"
						},
						"1.5": {
							"vector": [0, 32.5, 0],
							"easing": "easeInOutSine"
						},
						"2.0": {
							"vector": [0, -20, 0],
							"easing": "easeInOutCirc"
						}
					}
				},
				"rightarms3": {
					"rotation": {
						"0.0": {
							"vector": [0, -15, 0],
							"easing": "easeInOutSine"
						},
						"0.1667": {
							"vector": [0, -26.37, 0],
							"easing": "easeOutSine"
						},
						"1.5": {
							"vector": [0, 22.5, 0],
							"easing": "easeInSine"
						},
						"2.0": {
							"vector": [0, -15, 0],
							"easing": "easeInExpo"
						}
					}
				},
				"tail": {
					"rotation": {
						"0.0": {
							"vector": [0, 0, 0]
						},
						"1.0833": {
							"vector": [-17.5, 0, 0],
							"easing": "easeInOutSine"
						},
						"2.0": {
							"vector": [0, 0, 0],
							"easing": "easeInOutSine"
						}
					}
				},
				"stinger": {
					"rotation": {
						"0.0": {
							"vector": [0, 0, 0]
						},
						"1.3333": {
							"vector": [-22.5, 0, 0],
							"easing": "easeInOutSine"
						},
						"2.0": {
							"vector": [0, 0, 0],
							"easing": "easeInOutSine"
						}
					}
				},
				"body": {
					"rotation": {
						"0.0": {
							"vector": [-17.5, 0, 0],
							"easing": "easeInOutSine"
						},
						"1.0": {
							"vector": [-22.5, 0, 0],
							"easing": "easeInOutSine"
						},
						"2.0": {
							"vector": [-17.5, 0, 0],
							"easing": "easeInOutSine"
						}
					}
				}
			}
		},
		"sprint": {
			"loop": true,
			"animation_length": 2,
			"bones": {
				"leftwing": {
					"rotation": {
						"0.0": {
							"vector": [0, 45, 0]
						},
						"0.1667": {
							"vector": [0, -35, 0],
							"easing": "easeInOutSine"
						},
						"0.3333": {
							"vector": [0, 45, 0],
							"easing": "easeInOutSine"
						},
						"0.5": {
							"vector": [0, -35, 0],
							"easing": "easeInOutSine"
						},
						"0.6667": {
							"vector": [0, 45, 0],
							"easing": "easeInOutSine"
						},
						"0.8333": {
							"vector": [0, -35, 0],
							"easing": "easeInOutSine"
						},
						"1.0": {
							"vector": [0, 45, 0]
						},
						"1.1667": {
							"vector": [0, -35, 0],
							"easing": "easeInOutSine"
						},
						"1.3333": {
							"vector": [0, 45, 0],
							"easing": "easeInOutSine"
						},
						"1.5": {
							"vector": [0, -35, 0],
							"easing": "easeInOutSine"
						},
						"1.6667": {
							"vector": [0, 45, 0],
							"easing": "easeInOutSine"
						},
						"1.8333": {
							"vector": [0, -35, 0],
							"easing": "easeInOutSine"
						},
						"2.0": {
							"vector": [0, 45, 0],
							"easing": "easeInOutSine"
						}
					}
				},
				"rightwing": {
					"rotation": {
						"0.0": {
							"vector": [0, -45, 0]
						},
						"0.1667": {
							"vector": [0, 35, 0],
							"easing": "easeInOutSine"
						},
						"0.3333": {
							"vector": [0, -45, 0],
							"easing": "easeInOutSine"
						},
						"0.5": {
							"vector": [0, 35, 0],
							"easing": "easeInOutSine"
						},
						"0.6667": {
							"vector": [0, -45, 0],
							"easing": "easeInOutSine"
						},
						"0.8333": {
							"vector": [0, 35, 0],
							"easing": "easeInOutSine"
						},
						"1.0": {
							"vector": [0, -45, 0]
						},
						"1.1667": {
							"vector": [0, 35, 0],
							"easing": "easeInOutSine"
						},
						"1.3333": {
							"vector": [0, -45, 0],
							"easing": "easeInOutSine"
						},
						"1.5": {
							"vector": [0, 35, 0],
							"easing": "easeInOutSine"
						},
						"1.6667": {
							"vector": [0, -45, 0],
							"easing": "easeInOutSine"
						},
						"1.8333": {
							"vector": [0, 35, 0],
							"easing": "easeInOutSine"
						},
						"2.0": {
							"vector": [0, -45, 0],
							"easing": "easeInOutSine"
						}
					}
				},
				"all": {
					"rotation": {
						"vector": [15, 0, 0]
					},
					"position": {
						"0.0": {
							"vector": [0, 0, 0]
						},
						"1.0": {
							"vector": [0, 1, 0],
							"easing": "easeInOutSine"
						},
						"2.0": {
							"vector": [0, 0, 0],
							"easing": "easeInOutSine"
						}
					}
				},
				"head": {
					"rotation": {
						"0.0": {
							"vector": [-12.5, 0, 0]
						},
						"1.1667": {
							"vector": [-5, 0, 0],
							"easing": "easeInOutSine"
						},
						"2.0": {
							"vector": [-12.5, 0, 0]
						}
					},
					"position": {
						"0.0": {
							"vector": [0, 0, 0]
						},
						"1.1667": {
							"vector": [0, 0.25, 0],
							"easing": "easeInSine"
						},
						"2.0": {
							"vector": [0, 0, 0],
							"easing": "easeOutSine"
						}
					}
				},
				"antenna": {
					"rotation": {
						"0.75": {
							"vector": [0, 0, 0]
						},
						"0.875": {
							"vector": [12.5, 0, 0]
						},
						"1.0": {
							"vector": [0, 0, 0]
						}
					}
				},
				"torso": {
					"rotation": {
						"0.0": {
							"vector": [0, 0, 0]
						},
						"1.0": {
							"vector": [-2.5, 0, 0],
							"easing": "easeInOutCubic"
						},
						"2.0": {
							"vector": [0, 0, 0],
							"easing": "easeInOutCubic"
						}
					}
				},
				"leftarms1": {
					"rotation": {
						"0.0": {
							"vector": [0, 17.5, 0],
							"easing": "easeInOutCirc"
						},
						"0.5": {
							"vector": [0, -45, 0],
							"easing": "easeInOutSine"
						},
						"1.0": {
							"vector": [0, 17.5, 0],
							"easing": "easeInOutCirc"
						},
						"1.5": {
							"vector": [0, -45, 0],
							"easing": "easeInOutSine"
						},
						"2.0": {
							"vector": [0, 17.5, 0],
							"easing": "easeInOutCirc"
						}
					}
				},
				"leftarms2": {
					"rotation": {
						"0.0": {
							"vector": [0, 20, 0],
							"easing": "easeInOutSine"
						},
						"0.75": {
							"vector": [0, -30, 0],
							"easing": "easeInOutSine"
						},
						"1.0": {
							"vector": [0, 20, 0],
							"easing": "easeInOutCirc"
						},
						"1.75": {
							"vector": [0, -30, 0],
							"easing": "easeInOutSine"
						},
						"2.0": {
							"vector": [0, 20, 0],
							"easing": "easeInOutCirc"
						}
					}
				},
				"leftarms3": {
					"rotation": {
						"0.0": {
							"vector": [0, 15, 0],
							"easing": "easeInOutSine"
						},
						"0.0833": {
							"vector": [0, 26.13, 0],
							"easing": "easeOutSine"
						},
						"0.75": {
							"vector": [0, -22.5, 0],
							"easing": "easeInSine"
						},
						"1.0": {
							"vector": [0, 15, 0],
							"easing": "easeInExpo"
						},
						"1.0833": {
							"vector": [0, 26.13, 0],
							"easing": "easeOutSine"
						},
						"1.75": {
							"vector": [0, -22.5, 0],
							"easing": "easeInSine"
						},
						"2.0": {
							"vector": [0, 15, 0],
							"easing": "easeInExpo"
						}
					}
				},
				"rightarms1": {
					"rotation": {
						"0.0": {
							"vector": [0, -17.5, 0],
							"easing": "easeInOutCirc"
						},
						"0.5": {
							"vector": [0, 45, 0],
							"easing": "easeInOutSine"
						},
						"1.0": {
							"vector": [0, -17.5, 0],
							"easing": "easeInOutCirc"
						},
						"1.5": {
							"vector": [0, 45, 0],
							"easing": "easeInOutSine"
						},
						"2.0": {
							"vector": [0, -17.5, 0],
							"easing": "easeInOutCirc"
						}
					}
				},
				"rightarms2": {
					"rotation": {
						"0.0": {
							"vector": [0, -20, 0],
							"easing": "easeInOutSine"
						},
						"0.75": {
							"vector": [0, 32.5, 0],
							"easing": "easeInOutSine"
						},
						"1.0": {
							"vector": [0, -20, 0],
							"easing": "easeInOutCirc"
						},
						"1.75": {
							"vector": [0, 32.5, 0],
							"easing": "easeInOutSine"
						},
						"2.0": {
							"vector": [0, -20, 0],
							"easing": "easeInOutCirc"
						}
					}
				},
				"rightarms3": {
					"rotation": {
						"0.0": {
							"vector": [0, -15, 0],
							"easing": "easeInOutSine"
						},
						"0.0833": {
							"vector": [0, -26.37, 0],
							"easing": "easeOutSine"
						},
						"0.75": {
							"vector": [0, 22.5, 0],
							"easing": "easeInSine"
						},
						"1.0": {
							"vector": [0, -15, 0],
							"easing": "easeInExpo"
						},
						"1.0833": {
							"vector": [0, -26.37, 0],
							"easing": "easeOutSine"
						},
						"1.75": {
							"vector": [0, 22.5, 0],
							"easing": "easeInSine"
						},
						"2.0": {
							"vector": [0, -15, 0],
							"easing": "easeInExpo"
						}
					}
				},
				"tail": {
					"rotation": {
						"0.0": {
							"vector": [45, 0, 0]
						},
						"1.0833": {
							"vector": [37.5, 0, 0],
							"easing": "easeInOutSine"
						},
						"2.0": {
							"vector": [45, 0, 0]
						}
					}
				},
				"stinger": {
					"rotation": {
						"0.0": {
							"vector": [0, 0, 0]
						},
						"1.3333": {
							"vector": [-22.5, 0, 0],
							"easing": "easeInOutSine"
						},
						"2.0": {
							"vector": [0, 0, 0],
							"easing": "easeInOutSine"
						}
					}
				}
			}
		},
		"attack": {
			"loop": true,
			"animation_length": 0.5,
			"bones": {
				"all": {
					"rotation": {
						"0.0": {
							"vector": [0, 0, 0]
						},
						"0.1667": {
							"vector": [-45, 0, 0],
							"easing": "easeOutSine"
						},
						"0.5": {
							"vector": [0, 0, 0],
							"easing": "easeOutSine"
						}
					}
				},
				"head": {
					"rotation": {
						"0.0": {
							"vector": [10, 0, 0]
						},
						"0.25": {
							"vector": [90, 0, 0],
							"easing": "easeOutSine"
						},
						"0.5": {
							"vector": [10, 0, 0],
							"easing": "easeOutSine"
						}
					}
				},
				"antenna": {
					"rotation": {
						"0.0": {
							"vector": [0, 0, 0]
						},
						"0.1667": {
							"vector": [-22.5, 0, 0],
							"easing": "easeOutSine"
						},
						"0.5": {
							"vector": [0, 0, 0],
							"easing": "easeInOutSine"
						}
					}
				},
				"body": {
					"rotation": {
						"0.0": {
							"vector": [-17.5, 0, 0]
						},
						"0.1667": {
							"vector": [22.5, 0, 0],
							"easing": "easeOutSine"
						},
						"0.5": {
							"vector": [-17.5, 0, 0],
							"easing": "easeInOutSine"
						}
					},
					"position": {
						"0.0": {
							"vector": [0, 0, 0]
						},
						"0.1667": {
							"vector": [0, -1, 0],
							"easing": "easeOutSine"
						},
						"0.5": {
							"vector": [0, 0, 0],
							"easing": "easeInOutSine"
						}
					}
				},
				"torso": {
					"rotation": {
						"0.0": {
							"vector": [0, 0, 0]
						},
						"0.1667": {
							"vector": [-10, 0, 0],
							"easing": "easeInOutSine"
						},
						"0.5": {
							"vector": [0, 0, 0],
							"easing": "easeInSine"
						}
					}
				},
				"leftarms1": {
					"rotation": {
						"0.0": {
							"vector": [0, 17.5, 0],
							"easing": "easeInOutCirc"
						},
						"0.1667": {
							"vector": [0, -50, 0],
							"easing": "easeInBack"
						},
						"0.5": {
							"vector": [0, 17.5, 0],
							"easing": "easeInOutCirc"
						}
					}
				},
				"leftarms2": {
					"rotation": {
						"0.0": {
							"vector": [0, 20, 0],
							"easing": "easeInOutSine"
						},
						"0.1667": {
							"vector": [0, -25, 0],
							"easing": "easeInBack"
						},
						"0.5": {
							"vector": [0, 20, 0],
							"easing": "easeInOutSine"
						}
					}
				},
				"leftarms3": {
					"rotation": {
						"0.0": {
							"vector": [0, 15, 0],
							"easing": "easeInOutSine"
						},
						"0.1667": {
							"vector": [0, -10.22, 0],
							"easing": "easeInBack"
						},
						"0.5": {
							"vector": [0, 15, 0],
							"easing": "easeInOutSine"
						}
					}
				},
				"rightarms1": {
					"rotation": {
						"0.0": {
							"vector": [0, -17.5, 0],
							"easing": "easeInOutCirc"
						},
						"0.1667": {
							"vector": [0, 50, 0],
							"easing": "easeInBack"
						},
						"0.5": {
							"vector": [0, -17.5, 0],
							"easing": "easeInOutCirc"
						}
					}
				},
				"rightarms2": {
					"rotation": {
						"0.0": {
							"vector": [0, -20, 0],
							"easing": "easeInOutSine"
						},
						"0.1667": {
							"vector": [0, 25, 0],
							"easing": "easeInBack"
						},
						"0.5": {
							"vector": [0, -20, 0],
							"easing": "easeInOutSine"
						}
					}
				},
				"rightarms3": {
					"rotation": {
						"0.0": {
							"vector": [0, -15, 0],
							"easing": "easeInOutSine"
						},
						"0.1667": {
							"vector": [0, 10.06, 0],
							"easing": "easeInBack"
						},
						"0.5": {
							"vector": [0, -15, 0],
							"easing": "easeInOutSine"
						}
					}
				},
				"leftwing": {
					"rotation": {
						"0.0": {
							"vector": [0, 45, 0]
						},
						"0.0833": {
							"vector": [0, 45, 0],
							"easing": "easeInOutSine"
						},
						"0.1667": {
							"vector": [0, -35, 0],
							"easing": "easeInOutSine"
						},
						"0.25": {
							"vector": [0, 45, 0],
							"easing": "easeInOutSine"
						},
						"0.3333": {
							"vector": [0, -35, 0],
							"easing": "easeInOutSine"
						},
						"0.4167": {
							"vector": [0, 45, 0]
						},
						"0.5": {
							"vector": [0, -35, 0],
							"easing": "easeInOutSine"
						}
					}
				},
				"rightwing": {
					"rotation": {
						"0.0": {
							"vector": [0, -45, 0]
						},
						"0.0833": {
							"vector": [0, -45, 0],
							"easing": "easeInOutSine"
						},
						"0.1667": {
							"vector": [0, 35, 0],
							"easing": "easeInOutSine"
						},
						"0.25": {
							"vector": [0, -45, 0],
							"easing": "easeInOutSine"
						},
						"0.3333": {
							"vector": [0, 35, 0],
							"easing": "easeInOutSine"
						},
						"0.4167": {
							"vector": [0, -45, 0]
						},
						"0.5": {
							"vector": [0, 35, 0],
							"easing": "easeInOutSine"
						}
					}
				},
				"tail": {
					"rotation": {
						"0.0": {
							"vector": [0, 0, 0]
						},
						"0.1667": {
							"vector": [-45, 0, 0],
							"easing": "easeInOutSine"
						},
						"0.2917": {
							"vector": [-37.5, 0, 0],
							"easing": "easeInOutSine"
						},
						"0.5": {
							"vector": [0, 0, 0],
							"easing": "easeInOutSine"
						}
					}
				},
				"stinger": {
					"rotation": {
						"0.0": {
							"vector": [0, 0, 0]
						},
						"0.1667": {
							"vector": [-54.51, 0, 0],
							"easing": "easeInOutSine"
						},
						"0.5": {
							"vector": [0, 0, 0],
							"easing": "easeInOutSine"
						}
					}
				}
			}
		},
		"heavy": {
			"loop": true,
			"animation_length": 1,
			"bones": {
				"all": {
					"rotation": {
						"0.0": {
							"vector": [0, 0, 0]
						},
						"0.25": {
							"vector": [-45, 0, 0]
						},
						"0.75": {
							"vector": [0, 0, 0]
						}
					}
				},
				"head": {
					"rotation": {
						"0.0": {
							"vector": [10, 0, 0]
						},
						"0.0833": {
							"vector": [48.75, 0, 0],
							"easing": "easeOutSine"
						},
						"0.25": {
							"vector": [67.5, 0, 0]
						},
						"0.75": {
							"vector": [10, 0, 0],
							"easing": "easeInSine"
						}
					}
				},
				"antenna": {
					"rotation": {
						"0.0": {
							"vector": [0, 0, 0]
						},
						"0.25": {
							"vector": [-22.5, 0, 0],
							"easing": "easeOutSine"
						},
						"1.0": {
							"vector": [0, 0, 0],
							"easing": "easeInOutSine"
						}
					}
				},
				"body": {
					"rotation": {
						"0.0": {
							"vector": [0, 0, 0]
						},
						"0.25": {
							"vector": [22.5, 0, 0],
							"easing": "easeOutSine"
						},
						"1.0": {
							"vector": [0, 0, 0],
							"easing": "easeInOutSine"
						}
					},
					"position": {
						"0.0": {
							"vector": [0, 0, 0]
						},
						"0.2917": {
							"vector": [0, -1, 0],
							"easing": "easeOutSine"
						},
						"1.0": {
							"vector": [0, 0, 0],
							"easing": "easeInOutSine"
						}
					}
				},
				"torso": {
					"rotation": {
						"0.0": {
							"vector": [0, 0, 0]
						},
						"0.0833": {
							"vector": [15, 0, 0],
							"easing": "easeOutSine"
						},
						"0.25": {
							"vector": [-10, 0, 0],
							"easing": "easeInOutSine"
						},
						"0.75": {
							"vector": [0, 0, 0],
							"easing": "easeInSine"
						}
					}
				},
				"leftarms1": {
					"rotation": {
						"0.0": {
							"vector": [0, 17.5, 0],
							"easing": "easeInOutCirc"
						},
						"0.25": {
							"vector": [0, -50, 0],
							"easing": "easeInBack"
						},
						"0.75": {
							"vector": [0, 17.5, 0],
							"easing": "easeInOutCirc"
						}
					}
				},
				"leftarms2": {
					"rotation": {
						"0.0": {
							"vector": [0, 20, 0],
							"easing": "easeInOutSine"
						},
						"0.25": {
							"vector": [0, -25, 0],
							"easing": "easeInBack"
						},
						"0.75": {
							"vector": [0, 20, 0],
							"easing": "easeInOutSine"
						}
					}
				},
				"leftarms3": {
					"rotation": {
						"0.0": {
							"vector": [0, 15, 0],
							"easing": "easeInOutSine"
						},
						"0.1667": {
							"vector": [0, 26.13, 0],
							"easing": "easeOutSine"
						},
						"0.25": {
							"vector": [0, -10.22, 0],
							"easing": "easeInBack"
						},
						"0.75": {
							"vector": [0, 15, 0],
							"easing": "easeInOutSine"
						}
					}
				},
				"rightarms1": {
					"rotation": {
						"0.0": {
							"vector": [0, -17.5, 0],
							"easing": "easeInOutCirc"
						},
						"0.25": {
							"vector": [0, 50, 0],
							"easing": "easeInBack"
						},
						"0.75": {
							"vector": [0, -17.5, 0],
							"easing": "easeInOutCirc"
						}
					}
				},
				"rightarms2": {
					"rotation": {
						"0.0": {
							"vector": [0, -20, 0],
							"easing": "easeInOutSine"
						},
						"0.25": {
							"vector": [0, 25, 0],
							"easing": "easeInBack"
						},
						"0.75": {
							"vector": [0, -20, 0],
							"easing": "easeInOutSine"
						}
					}
				},
				"rightarms3": {
					"rotation": {
						"0.0": {
							"vector": [0, -15, 0],
							"easing": "easeInOutSine"
						},
						"0.125": {
							"vector": [0, -26.37, 0],
							"easing": "easeOutSine"
						},
						"0.25": {
							"vector": [0, 10.06, 0],
							"easing": "easeInBack"
						},
						"0.75": {
							"vector": [0, -15, 0],
							"easing": "easeInOutSine"
						}
					}
				},
				"leftwing": {
					"rotation": {
						"0.0": {
							"vector": [0, 45, 0]
						},
						"0.125": {
							"vector": [0, -35, 0],
							"easing": "easeInOutSine"
						},
						"0.25": {
							"vector": [0, 45, 0],
							"easing": "easeInOutSine"
						},
						"0.375": {
							"vector": [0, -35, 0],
							"easing": "easeInOutSine"
						},
						"0.5": {
							"vector": [0, 45, 0],
							"easing": "easeInOutSine"
						},
						"0.625": {
							"vector": [0, -35, 0],
							"easing": "easeInOutSine"
						},
						"0.75": {
							"vector": [0, 45, 0]
						},
						"0.875": {
							"vector": [0, -35, 0],
							"easing": "easeInOutSine"
						},
						"0.9583": {
							"vector": [0, 45, 0]
						}
					}
				},
				"rightwing": {
					"rotation": {
						"0.0": {
							"vector": [0, -45, 0]
						},
						"0.125": {
							"vector": [0, 35, 0],
							"easing": "easeInOutSine"
						},
						"0.25": {
							"vector": [0, -45, 0],
							"easing": "easeInOutSine"
						},
						"0.375": {
							"vector": [0, 35, 0],
							"easing": "easeInOutSine"
						},
						"0.5": {
							"vector": [0, -45, 0],
							"easing": "easeInOutSine"
						},
						"0.625": {
							"vector": [0, 35, 0],
							"easing": "easeInOutSine"
						},
						"0.75": {
							"vector": [0, -45, 0]
						},
						"0.875": {
							"vector": [0, 35, 0],
							"easing": "easeInOutSine"
						},
						"0.9583": {
							"vector": [0, -45, 0]
						}
					}
				},
				"tail": {
					"rotation": {
						"0.0": {
							"vector": [0, 0, 0]
						},
						"0.0833": {
							"vector": [55, 0, 0]
						},
						"0.25": {
							"vector": [-22.5, 0, 0]
						},
						"0.4167": {
							"vector": [-37.5, 0, 0]
						},
						"0.75": {
							"vector": [0, 0, 0]
						}
					}
				},
				"stinger": {
					"rotation": {
						"0.0": {
							"vector": [0, 0, 0]
						},
						"0.0833": {
							"vector": [45, 0, 0]
						},
						"0.25": {
							"vector": [-37.5, 0, 0]
						},
						"0.75": {
							"vector": [0, 0, 0]
						}
					}
				}
			}
		}
	},
	"geckolib_format_version": 2
}