{
	"format_version": "1.8.0",
	"animations": {
		"idle": {
			"loop": true,
			"animation_length": 3,
			"bones": {
				"torso": {
					"rotation": {
						"0.0": {
							"post": {
								"vector": [0, 0, 0]
							},
							"lerp_mode": "catmullrom"
						},
						"1.5": {
							"post": {
								"vector": [-5, 0, 0],
								"easing": "easeInOutSine"
							},
							"lerp_mode": "catmullrom"
						},
						"3.0": {
							"post": {
								"vector": [0, 0, 0],
								"easing": "easeInOutSine"
							},
							"lerp_mode": "catmullrom"
						}
					},
					"position": {
						"0.0": {
							"post": {
								"vector": [0, 0, 0]
							},
							"lerp_mode": "catmullrom"
						}
					}
				},
				"head": {
					"rotation": {
						"0.0": {
							"post": {
								"vector": [0, 0, 0]
							},
							"lerp_mode": "catmullrom"
						},
						"1.3333": {
							"post": {
								"vector": [5, 0, 0]
							},
							"lerp_mode": "catmullrom"
						},
						"2.875": {
							"post": {
								"vector": [0, 0, 0]
							},
							"lerp_mode": "catmullrom"
						}
					}
				},
				"lowerjaw": {
					"rotation": {
						"0.0": {
							"post": {
								"vector": [0, 0, 0]
							},
							"lerp_mode": "catmullrom"
						},
						"1.3333": {
							"post": {
								"vector": [2.5, 0, 0]
							},
							"lerp_mode": "catmullrom"
						},
						"2.875": {
							"post": {
								"vector": [0, 0, 0]
							},
							"lerp_mode": "catmullrom"
						}
					}
				},
				"clawsleft": {
					"rotation": {
						"0.0": {
							"vector": [0, 0, 0]
						},
						"1.5": {
							"vector": [10, 0, 0]
						},
						"3.0": {
							"vector": [0, 0, 0]
						}
					}
				},
				"clawsright": {
					"rotation": {
						"0.0": {
							"vector": [0, 0, 0]
						},
						"1.5": {
							"vector": [10, 0, 0]
						},
						"3.0": {
							"vector": [0, 0, 0]
						}
					}
				},
				"tail": {
					"rotation": {
						"0.0": {
							"post": {
								"vector": [0, 0, 0]
							},
							"lerp_mode": "catmullrom"
						},
						"1.3333": {
							"post": {
								"vector": [5, 0, 0]
							},
							"lerp_mode": "catmullrom"
						},
						"3.0": {
							"post": {
								"vector": [0, 0, 0]
							},
							"lerp_mode": "catmullrom"
						}
					}
				},
				"earl": {
					"rotation": {
						"2.25": {
							"vector": [0, 0, 0]
						},
						"2.4583": {
							"vector": [60, 0, 0]
						},
						"2.7083": {
							"vector": [-10.5, 0, 0]
						},
						"2.75": {
							"vector": [0, 0, 0]
						}
					}
				}
			}
		},
		"walk": {
			"loop": true,
			"animation_length": 2,
			"bones": {
				"all": {
					"rotation": {
						"0.0": {
							"vector": [0, 0, 0]
						},
						"0.5": {
							"vector": [7.9905, 0.21782, -7.9953],
							"easing": "easeOutSine"
						},
						"1.5": {
							"vector": [2.22645, -0.27332, 7.50881],
							"easing": "easeInOutSine"
						},
						"2.0": {
							"vector": [0, 0, 0],
							"easing": "easeInSine"
						}
					},
					"position": {
						"0.0": {
							"vector": [0, -0.5, 0]
						},
						"0.5": {
							"vector": [0, -2.5, 0],
							"easing": "easeInOutSine"
						},
						"1.0": {
							"vector": [0, -0.5, 0],
							"easing": "easeInOutSine"
						},
						"1.5": {
							"vector": [0, -2.5, 0],
							"easing": "easeInOutSine"
						},
						"2.0": {
							"vector": [0, -0.5, 0],
							"easing": "easeInOutSine"
						}
					}
				},
				"torso": {
					"rotation": {
						"0.0": {
							"vector": [0, 0, 0]
						},
						"1.0": {
							"vector": [10, 0, 0]
						},
						"2.0": {
							"vector": [0, 0, 0]
						}
					}
				},
				"head": {
					"rotation": {
						"0.0": {
							"vector": [0, 0, 0]
						},
						"1.0": {
							"vector": [-9.32185, -9.54385, -8.11019]
						},
						"1.2083": {
							"vector": [-8.63245, 8.20826, 7.37991]
						},
						"2.0": {
							"vector": [0, 0, 0]
						}
					}
				},
				"lowerjaw": {
					"rotation": {
						"0.0": {
							"vector": [0, 0, 0]
						},
						"1.0": {
							"vector": [7.5, 0, 0]
						},
						"2.0": {
							"vector": [0, 0, 0]
						}
					}
				},
				"armleft": {
					"rotation": {
						"0.0": {
							"vector": [0, 0, 0]
						},
						"1.0": {
							"vector": [20, 0, 0],
							"easing": "easeInOutSine"
						},
						"2.0": {
							"vector": [0, 0, 0],
							"easing": "easeInOutSine"
						}
					}
				},
				"armright": {
					"rotation": {
						"0.0": {
							"vector": [0, 0, 0]
						},
						"1.0": {
							"vector": [-30, 0, 0],
							"easing": "easeInOutSine"
						},
						"2.0": {
							"vector": [0, 0, 0],
							"easing": "easeInOutSine"
						}
					}
				},
				"tail": {
					"rotation": {
						"0.0": {
							"vector": [0, 0, 0]
						},
						"1.0": {
							"vector": [45, 0, 0],
							"easing": "easeInOutSine"
						},
						"2.0": {
							"vector": [-2.33, 0, 0],
							"easing": "easeInOutSine"
						}
					}
				},
				"legleft": {
					"rotation": {
						"0.0": {
							"vector": [-11.25, 0, 0]
						},
						"0.5": {
							"vector": [22.5, 0, 0],
							"easing": "easeOutSine"
						},
						"1.5": {
							"vector": [-45, 0, 0],
							"easing": "easeInOutSine"
						},
						"2.0": {
							"vector": [-11.25, 0, 0],
							"easing": "easeInSine"
						}
					}
				},
				"legright": {
					"rotation": {
						"0.0": {
							"vector": [-11.25, 0, 0]
						},
						"0.5": {
							"vector": [-45, 0, 0],
							"easing": "easeOutSine"
						},
						"1.5": {
							"vector": [22.5, 0, 0],
							"easing": "easeInOutSine"
						},
						"2.0": {
							"vector": [-11.25, 0, 0],
							"easing": "easeInSine"
						}
					}
				}
			}
		},
		"sprint": {
			"loop": true,
			"animation_length": 1,
			"bones": {
				"body": {
					"rotation": {
						"vector": [90, 0, 0]
					}
				},
				"torso": {
					"rotation": {
						"0.0": {
							"vector": [-55, 0, 0]
						},
						"0.25": {
							"vector": [-45, 0, 0]
						},
						"0.6667": {
							"vector": [-45, 0, 0]
						},
						"1.0": {
							"vector": [-55, 0, 0]
						}
					}
				},
				"head": {
					"rotation": {
						"0.0": {
							"vector": [-44.59039, -22.40972, -2.06754]
						},
						"0.5": {
							"vector": [-55.17544, 14.94159, -1.3378],
							"easing": "easeInBounce"
						},
						"1.0": {
							"vector": [-44.59039, -22.40972, -2.06754],
							"easing": "easeInBounce"
						}
					}
				},
				"armleft": {
					"rotation": {
						"0.0": {
							"vector": [-125, 0, 0]
						},
						"0.5": {
							"vector": [67.5, 0, 0],
							"easing": "easeInOutSine"
						},
						"1.0": {
							"vector": [-125, 0, 0],
							"easing": "easeInOutSine"
						}
					}
				},
				"clawsleft": {
					"rotation": {
						"vector": [-65, 0, 0]
					}
				},
				"armright": {
					"rotation": {
						"0.0": {
							"vector": [-90.83, 0, 0]
						},
						"0.25": {
							"vector": [-135, 0, 0],
							"easing": "easeOutSine"
						},
						"0.75": {
							"vector": [65, 0, 0],
							"easing": "easeInOutSine"
						},
						"1.0": {
							"vector": [-90.83, 0, 0],
							"easing": "easeInSine"
						}
					}
				},
				"clawsright": {
					"rotation": {
						"vector": [-65, 0, 0]
					}
				},
				"tail": {
					"rotation": {
						"0.0": {
							"vector": [45, 0, 0]
						},
						"0.125": {
							"vector": [-67.5, 0, 0],
							"easing": "easeInOutSine"
						},
						"0.375": {
							"vector": [0, 0, 0],
							"easing": "easeInOutSine"
						},
						"0.625": {
							"vector": [-67.5, 0, 0],
							"easing": "easeInOutSine"
						},
						"1.0": {
							"vector": [45, 0, 0],
							"easing": "easeInOutSine"
						}
					},
					"position": {
						"0.0": {
							"vector": [0, 0, 0]
						},
						"0.125": {
							"vector": [0, 0, -3],
							"easing": "easeInOutSine"
						},
						"0.375": {
							"vector": [0, 0, 0],
							"easing": "easeInOutSine"
						},
						"0.625": {
							"vector": [0, 0, -3],
							"easing": "easeInOutSine"
						},
						"1.0": {
							"vector": [0, 0, 0],
							"easing": "easeInOutSine"
						}
					}
				},
				"all": {
					"rotation": {
						"0.0": {
							"vector": [0, 0, -5]
						},
						"0.5": {
							"vector": [0, 0, 5],
							"easing": "easeInOutSine"
						},
						"1.0": {
							"vector": [0, 0, -5],
							"easing": "easeInOutSine"
						}
					},
					"position": {
						"0.0": {
							"vector": [0, -7, 0]
						},
						"0.25": {
							"vector": [0, 0, 0],
							"easing": "easeInOutCubic"
						},
						"0.5": {
							"vector": [0, -7, 0],
							"easing": "easeInOutCubic"
						},
						"0.75": {
							"vector": [0, 0, 0],
							"easing": "easeInOutCubic"
						},
						"1.0": {
							"vector": [0, -7, 0],
							"easing": "easeInOutCubic"
						}
					}
				},
				"lowerjaw": {
					"rotation": {
						"0.0": {
							"vector": [0, 0, 0]
						},
						"0.5": {
							"vector": [30, 0, 0]
						},
						"1.0": {
							"vector": [0, 0, 0]
						}
					}
				},
				"legleft": {
					"rotation": {
						"0.0": {
							"vector": [85, 0, 0]
						},
						"0.5": {
							"vector": [-62.5, 0, 0],
							"easing": "easeInOutSine"
						},
						"1.0": {
							"vector": [85, 0, 0],
							"easing": "easeInOutSine"
						}
					}
				},
				"legright": {
					"rotation": {
						"0.0": {
							"vector": [-60, 0, 0]
						},
						"0.5": {
							"vector": [90, 0, 0],
							"easing": "easeInOutSine"
						},
						"1.0": {
							"vector": [-60, 0, 0],
							"easing": "easeInOutSine"
						}
					}
				}
			}
		}
	},
	"geckolib_format_version": 2
}