{
	"format_version": "1.12.0",
	"minecraft:geometry": [
		{
			"description": {
				"identifier": "geometry.direwolf",
				"texture_width": 64,
				"texture_height": 64,
				"visible_bounds_width": 3,
				"visible_bounds_height": 2.5,
				"visible_bounds_offset": [0, 0.75, 0]
			},
			"bones": [
				{
					"name": "all",
					"pivot": [-1, 0, 0]
				},
				{
					"name": "body",
					"parent": "all",
					"pivot": [-1, 10, 0]
				},
				{
					"name": "torso",
					"parent": "body",
					"pivot": [-1, 10, 0]
				},
				{
					"name": "head",
					"parent": "torso",
					"pivot": [-1, 10.5, -5],
					"cubes": [
						{"origin": [-3, 7.5, -9.5], "size": [6, 5, 4], "uv": [0, 0]},
						{"origin": [2, 7.5, -9.5], "size": [2, 2, 4], "inflate": 0.01, "uv": [28, 29], "mirror": true},
						{"origin": [-4, 7.5, -9.5], "size": [2, 2, 4], "inflate": 0.01, "uv": [28, 29]}
					]
				},
				{
					"name": "armorhead",
					"parent": "head",
					"pivot": [-1, 10.5, -6],
					"cubes": [
						{"origin": [-4, 7.5, -11], "size": [6, 6, 6], "inflate": -0.1, "uv": [40, 52]}
					]
				},
				{
					"name": "earleft",
					"parent": "head",
					"pivot": [1, 13.5, -7.5],
					"cubes": [
						{"origin": [0.99, 11.5, -7.5], "size": [2, 3, 1], "uv": [16, 14]}
					]
				},
				{
					"name": "earright",
					"parent": "head",
					"pivot": [-3, 13.5, -7.5],
					"cubes": [
						{"origin": [-2.99, 11.5, -7.5], "size": [2, 3, 1], "uv": [16, 14], "mirror": true}
					]
				},
				{
					"name": "muzzle",
					"parent": "head",
					"pivot": [0, 9.5, -10],
					"cubes": [
						{"origin": [-1.5, 7.51, -13.5], "size": [3, 2, 5], "uv": [0, 37]},
						{"origin": [-1.5, 6.76, -13.5], "size": [3, 1, 4], "inflate": -0.1, "uv": [20, 59]}
					]
				},
				{
					"name": "jaw",
					"parent": "muzzle",
					"pivot": [0, 7.5, -6.5],
					"rotation": [45, 0, 0],
					"cubes": [
						{"origin": [-1.5, 6.5, -13.5], "size": [3, 1, 7], "uv": [0, 44]},
						{"origin": [-1.5, 7.25, -13.5], "size": [3, 1, 7], "inflate": -0.1, "uv": [0, 56]}
					]
				},
				{
					"name": "neck",
					"parent": "torso",
					"pivot": [-1, 10, -3],
					"rotation": [-90, 0, 0],
					"cubes": [
						{"origin": [-4, 7, -6], "size": [8, 6, 6], "inflate": 0.5, "uv": [21, 0]}
					]
				},
				{
					"name": "armorbody",
					"parent": "torso",
					"pivot": [-1, 10, -6],
					"rotation": [90, 0, 0],
					"cubes": [
						{"origin": [-4, -5, -9], "size": [8, 15, 7], "inflate": -0.1, "uv": [34, 42]}
					]
				},
				{
					"name": "back",
					"parent": "body",
					"pivot": [0, 10, 0],
					"rotation": [90, 0, 0],
					"cubes": [
						{"origin": [-3, 1, -3], "size": [6, 9, 6], "uv": [18, 13]}
					]
				},
				{
					"name": "tail",
					"parent": "back",
					"pivot": [-1, 2, 2],
					"rotation": [-45, 0, 0],
					"cubes": [
						{"origin": [-1, -6, 1], "size": [2, 8, 2], "uv": [9, 18]}
					]
				},
				{
					"name": "frontlegs",
					"parent": "all",
					"pivot": [0, 8, -4]
				},
				{
					"name": "leftlegfront",
					"parent": "frontlegs",
					"pivot": [2.5, 8, -4],
					"cubes": [
						{"origin": [2.5, 0, -5], "size": [3, 9, 3], "inflate": 0.01, "uv": [15, 29]},
						{"origin": [4.5, 0, -7], "size": [1, 2, 2], "inflate": 0.01, "uv": [14, 46]},
						{"origin": [2.5, 0, -7], "size": [1, 2, 2], "inflate": 0.01, "uv": [14, 46]}
					]
				},
				{
					"name": "armorleftlegfront",
					"parent": "leftlegfront",
					"pivot": [2.5, 8, -4],
					"cubes": [
						{"origin": [2.5, 0, -5], "size": [3, 9, 3], "uv": [15, 29]}
					]
				},
				{
					"name": "armorleftfootfront",
					"parent": "leftlegfront",
					"pivot": [2.5, 8, -4],
					"cubes": [
						{"origin": [2.5, 0, -5], "size": [3, 9, 3], "inflate": -0.01, "uv": [15, 29]}
					]
				},
				{
					"name": "rightlegfront",
					"parent": "frontlegs",
					"pivot": [-3.5, 8, -4],
					"cubes": [
						{"origin": [-5.5, 0, -5], "size": [3, 9, 3], "inflate": 0.01, "uv": [15, 29], "mirror": true},
						{"origin": [-3.5, 0, -7], "size": [1, 2, 2], "inflate": 0.01, "uv": [14, 46], "mirror": true},
						{"origin": [-5.5, 0, -7], "size": [1, 2, 2], "inflate": 0.01, "uv": [14, 46], "mirror": true}
					]
				},
				{
					"name": "armorrightlegfront",
					"parent": "rightlegfront",
					"pivot": [-3.5, 8, -4],
					"cubes": [
						{"origin": [-5.5, 0, -5], "size": [3, 9, 3], "uv": [15, 29], "mirror": true}
					]
				},
				{
					"name": "armorfootfront",
					"parent": "rightlegfront",
					"pivot": [-3.5, 8, -4],
					"cubes": [
						{"origin": [-5.5, 0, -5], "size": [3, 9, 3], "inflate": -0.01, "uv": [15, 29], "mirror": true}
					]
				},
				{
					"name": "backlegs",
					"parent": "all",
					"pivot": [0, 8, 7]
				},
				{
					"name": "leftlegback",
					"parent": "backlegs",
					"pivot": [0.5, 8, 7],
					"cubes": [
						{"origin": [0.5, 0, 6], "size": [2, 8, 2], "uv": [43, 18]},
						{"origin": [1, 0, 4], "size": [1, 2, 2], "inflate": 0.01, "uv": [14, 41]}
					]
				},
				{
					"name": "armorleftlegback",
					"parent": "leftlegback",
					"pivot": [0.5, 8, 7],
					"cubes": [
						{"origin": [0.5, 0, 6], "size": [2, 8, 2], "inflate": -0.01, "uv": [0, 18]}
					]
				},
				{
					"name": "armorleftfootback",
					"parent": "armorleftlegback",
					"pivot": [0.5, 8, 7],
					"cubes": [
						{"origin": [0.5, 0, 6], "size": [2, 8, 2], "inflate": -0.02, "uv": [0, 18]}
					]
				},
				{
					"name": "rightlegback",
					"parent": "backlegs",
					"pivot": [-2.5, 8, 7],
					"cubes": [
						{"origin": [-2.5, 0, 6], "size": [2, 8, 2], "uv": [43, 18], "mirror": true},
						{"origin": [-2, 0, 4], "size": [1, 2, 2], "inflate": 0.01, "uv": [14, 41], "mirror": true}
					]
				},
				{
					"name": "armorrightlegback",
					"parent": "rightlegback",
					"pivot": [-2.5, 8, 7],
					"cubes": [
						{"origin": [-2.5, 0, 6], "size": [2, 8, 2], "inflate": -0.01, "uv": [0, 18], "mirror": true}
					]
				},
				{
					"name": "armorrightfootback",
					"parent": "rightlegback",
					"pivot": [-2.5, 8, 7],
					"cubes": [
						{"origin": [-2.5, 0, 6], "size": [2, 8, 2], "inflate": -0.02, "uv": [0, 18], "mirror": true}
					]
				}
			]
		}
	]
}