{
	"format_version": "1.12.0",
	"minecraft:geometry": [
		{
			"description": {
				"identifier": "geometry.faller",
				"texture_width": 64,
				"texture_height": 64,
				"visible_bounds_width": 3,
				"visible_bounds_height": 2.5,
				"visible_bounds_offset": [0, 0.75, 0]
			},
			"bones": [
				{
					"name": "all",
					"pivot": [0, 0, 0]
				},
				{
					"name": "top",
					"parent": "all",
					"pivot": [0, 19, 0]
				},
				{
					"name": "torso",
					"parent": "top",
					"pivot": [0, 5, 1]
				},
				{
					"name": "head",
					"parent": "torso",
					"pivot": [0, 13, 0],
					"cubes": [
						{"origin": [-2, 13, -2], "size": [4, 6, 4], "uv": [0, 0]}
					]
				},
				{
					"name": "armorhead",
					"parent": "head",
					"pivot": [0, 11, -4.5]
				},
				{
					"name": "beak",
					"parent": "head",
					"pivot": [0, 12, -6]
				},
				{
					"name": "rightitem",
					"parent": "beak",
					"pivot": [0, 12, -7.5],
					"rotation": [0, 90, -90]
				},
				{
					"name": "lowerbeak",
					"parent": "beak",
					"pivot": [0, 12, -6]
				},
				{
					"name": "comb",
					"parent": "lowerbeak",
					"pivot": [0, 9, -4]
				},
				{
					"name": "wingboth",
					"parent": "head",
					"pivot": [0, 18.5, 0],
					"rotation": [-90, 0, 0]
				},
				{
					"name": "wingleft",
					"parent": "wingboth",
					"pivot": [2, 20.5, 0.5],
					"rotation": [0, 90, 0],
					"cubes": [
						{"origin": [2, 16.5, 0.5], "size": [1, 4, 6], "uv": [29, 14]}
					]
				},
				{
					"name": "wingright",
					"parent": "wingboth",
					"pivot": [-2, 20.5, 0.5],
					"rotation": [0, -90, 0],
					"cubes": [
						{"origin": [-3, 16.5, 0.5], "size": [1, 4, 6], "uv": [29, 14], "mirror": true}
					]
				},
				{
					"name": "body",
					"parent": "torso",
					"pivot": [0, 10, 1],
					"rotation": [-90, 0, 0],
					"cubes": [
						{"origin": [-3, 6, -2], "size": [6, 6, 8], "uv": [0, 10]}
					]
				},
				{
					"name": "leftitem",
					"parent": "body",
					"pivot": [0, 13, 4],
					"rotation": [0, -90, 90]
				},
				{
					"name": "armorbody",
					"parent": "body",
					"pivot": [0, 9, -2],
					"rotation": [90, 0, 0]
				},
				{
					"name": "legsboth",
					"parent": "all",
					"pivot": [-1, 5, 1]
				},
				{
					"name": "leftleg",
					"parent": "legsboth",
					"pivot": [1, 5, 1],
					"cubes": [
						{"origin": [0, 0, -2], "size": [3, 5, 3], "uv": [26, 0]}
					]
				},
				{
					"name": "rightleg",
					"parent": "legsboth",
					"pivot": [-1, 5, 1],
					"cubes": [
						{"origin": [-3, 0, -2], "size": [3, 5, 3], "uv": [26, 0], "mirror": true}
					]
				}
			]
		}
	]
}