{
	"format_version": "1.12.0",
	"minecraft:geometry": [
		{
			"description": {
				"identifier": "geometry.gladius",
				"texture_width": 128,
				"texture_height": 128,
				"visible_bounds_width": 3,
				"visible_bounds_height": 4.5,
				"visible_bounds_offset": [0, 1.75, 0]
			},
			"bones": [
				{
					"name": "all",
					"pivot": [0, 0, 0]
				},
				{
					"name": "torso",
					"parent": "all",
					"pivot": [0, 22, 0],
					"cubes": [
						{"origin": [-10, 22, -3], "size": [21, 22, 6], "uv": [0, 27]}
					]
				},
				{
					"name": "head",
					"parent": "torso",
					"pivot": [-0.1, 43, -2],
					"rotation": [0, 0, 0],
					"cubes": [
						{"origin": [-6.1, 40, -8], "size": [12, 15, 12], "uv": [0, 0]}
					]
				},
				{
					"name": "tentacle",
					"parent": "head",
					"pivot": [-0.1, 43, -5],
					"rotation": [-45, 0, 0],
					"cubes": [
						{"origin": [-4.6, 34.41329, -6.78248], "size": [4, 6, 3], "inflate": 0.01, "uv": [36, 3]},
						{"origin": [-6.1, 32.41329, -5.78248], "size": [4, 6, 3], "inflate": 0.01, "pivot": [-2.1, 39.41329, -4.78248], "rotation": [0, 0, 45], "uv": [36, 3]},
						{"origin": [1.9, 32.41329, -5.78248], "size": [4, 6, 3], "inflate": 0.01, "pivot": [1.9, 39.41329, -4.78248], "rotation": [0, 0, -45], "uv": [36, 3], "mirror": true},
						{"origin": [0.4, 34.41329, -6.78248], "size": [4, 6, 3], "inflate": 0.01, "uv": [36, 3], "mirror": true}
					]
				},
				{
					"name": "botharms",
					"parent": "torso",
					"pivot": [0, 40, -0.5]
				},
				{
					"name": "leftarm",
					"parent": "botharms",
					"pivot": [12, 40, -0.5],
					"rotation": [0, 0, 0],
					"cubes": [
						{"origin": [11, 10, -3], "size": [5, 34, 6], "uv": [0, 57], "mirror": true}
					]
				},
				{
					"name": "rightarm",
					"parent": "botharms",
					"pivot": [-11, 40, -0.5],
					"cubes": [
						{"origin": [-15, 10, -3], "size": [5, 34, 6], "uv": [0, 57]}
					]
				},
				{
					"name": "bothlegs",
					"parent": "all",
					"pivot": [0, 22, 0]
				},
				{
					"name": "leftleg",
					"parent": "bothlegs",
					"pivot": [8, 22, 0],
					"cubes": [
						{"origin": [5, 0, -3], "size": [6, 22, 6], "uv": [23, 57], "mirror": true}
					]
				},
				{
					"name": "rightleg",
					"parent": "bothlegs",
					"pivot": [-7, 22, 0],
					"cubes": [
						{"origin": [-10, 0, -3], "size": [6, 22, 6], "uv": [23, 57]}
					]
				}
			]
		}
	]
}