{
	"format_version": "1.12.0",
	"minecraft:geometry": [
		{
			"description": {
				"identifier": "geometry.huntsman",
				"texture_width": 64,
				"texture_height": 64,
				"visible_bounds_width": 2,
				"visible_bounds_height": 3.5,
				"visible_bounds_offset": [0, 1.25, 0]
			},
			"bones": [
				{
					"name": "all",
					"pivot": [0, 0, 0]
				},
				{
					"name": "body",
					"parent": "all",
					"pivot": [0, 16, 0],
					"cubes": [
						{"origin": [-4, 16, -2], "size": [8, 14, 4], "uv": [40, 0]}
					]
				},
				{
					"name": "chest",
					"parent": "body",
					"pivot": [0, 30, 0],
					"cubes": [
						{"origin": [-5, 26.2, -3], "size": [10, 4, 6], "uv": [0, 52]}
					]
				},
				{
					"name": "cape",
					"parent": "body",
					"pivot": [0, 30, 3],
					"cubes": [
						{"origin": [-5, 19.2, 2.02], "size": [10, 11, 1], "inflate": 0.1, "pivot": [0, 30, 3], "rotation": [5.5, 0, 0], "uv": [38, 52]}
					]
				},
				{
					"name": "head",
					"parent": "body",
					"pivot": [0, 30, 0],
					"cubes": [
						{"origin": [-4, 30, -4], "size": [8, 8, 8], "uv": [0, 0]}
					]
				},
				{
					"name": "arms",
					"parent": "body",
					"pivot": [0, 28, -0.75],
					"rotation": [22.5, 0, 0]
				},
				{
					"name": "leftArm",
					"parent": "arms",
					"pivot": [4, 28, -0.75],
					"rotation": [-80.85133, 20.70481, 9.00717],
					"cubes": [
						{"origin": [4, 27, -2.75], "size": [3, 4, 4], "inflate": 0.1, "uv": [0, 43], "mirror": true},
						{"origin": [4, 14, -1.75], "size": [2, 16, 2], "uv": [0, 18], "mirror": true},
						{"origin": [3.5, 19.5, -2.85], "size": [3, 2, 4], "inflate": 0.2, "uv": [0, 36], "mirror": true},
						{"origin": [3.5, 13.5, -2.85], "size": [3, 7, 4], "uv": [15, 40], "mirror": true}
					]
				},
				{
					"name": "leftItem",
					"parent": "leftArm",
					"pivot": [6, 16, 0.25]
				},
				{
					"name": "rightArm",
					"parent": "arms",
					"pivot": [-5, 28, -0.75],
					"rotation": [-82.42266, -4.61854, -1.91757],
					"cubes": [
						{"origin": [-7, 27, -2.75], "size": [3, 4, 4], "inflate": 0.1, "uv": [0, 43]},
						{"origin": [-6, 14, -1.75], "size": [2, 16, 2], "uv": [0, 18]},
						{"origin": [-6.5, 19.5, -2.85], "size": [3, 2, 4], "inflate": 0.2, "uv": [0, 36]},
						{"origin": [-6.5, 13.5, -2.85], "size": [3, 7, 4], "uv": [15, 40]}
					]
				},
				{
					"name": "rightItem",
					"parent": "rightArm",
					"pivot": [-6, 16, 0.25]
				},
				{
					"name": "bow",
					"parent": "rightArm",
					"pivot": [-3.5, 13, -1.75],
					"rotation": [135, 0, 0],
					"cubes": [
						{"origin": [-4, 12.34315, 7.90685], "size": [1, 1, 1], "uv": [25, 6]},
						{"origin": [-4, 11.34315, 6.90685], "size": [1, 1, 1], "uv": [25, 6]},
						{"origin": [-4, 10.34315, 5.90685], "size": [1, 1, 1], "uv": [25, 6]},
						{"origin": [-4, 9.34315, 4.90685], "size": [1, 1, 1], "uv": [25, 6]},
						{"origin": [-4, 8.34315, 3.90685], "size": [1, 1, 1], "uv": [25, 6]},
						{"origin": [-4, 7.34315, 2.90685], "size": [1, 1, 1], "uv": [25, 6]},
						{"origin": [-4, 6.34315, 1.90685], "size": [1, 1, 1], "uv": [25, 6]},
						{"origin": [-4, 5.34315, 0.90685], "size": [1, 1, 1], "uv": [25, 6]},
						{"origin": [-4, 4.34315, -0.09315], "size": [1, 1, 1], "uv": [25, 6]},
						{"origin": [-4, 3.34315, -1.09315], "size": [1, 1, 1], "uv": [25, 6]},
						{"origin": [-4, 2.34315, -2.09315], "size": [1, 1, 1], "uv": [25, 6]},
						{"origin": [-4, 2.34315, -3.09315], "size": [1, 1, 1], "uv": [35, 6]},
						{"origin": [-4, 1.34315, -3.09315], "size": [1, 1, 1], "uv": [35, 6]},
						{"origin": [-4, 1.34315, -4.09315], "size": [1, 1, 1], "uv": [35, 6]},
						{"origin": [-4, 13.34315, 7.90685], "size": [1, 1, 1], "uv": [35, 6]},
						{"origin": [-4, 13.34315, 8.90685], "size": [1, 1, 1], "uv": [35, 6]},
						{"origin": [-4, 14.34315, 8.90685], "size": [1, 1, 1], "uv": [35, 6]},
						{"origin": [-4, 14.34315, 6.90685], "size": [1, 1, 1], "uv": [35, 6]},
						{"origin": [-4, 13.34315, 5.90685], "size": [1, 1, 1], "uv": [35, 6]},
						{"origin": [-4, 12.34315, 4.90685], "size": [1, 1, 1], "uv": [35, 6]},
						{"origin": [-4, 12.34315, 3.90685], "size": [1, 1, 1], "uv": [35, 6]},
						{"origin": [-4, 12.34315, 2.90685], "size": [1, 1, 1], "uv": [35, 6]},
						{"origin": [-4, 12.34315, 1.90685], "size": [1, 1, 1], "uv": [35, 6]},
						{"origin": [-4, 13.34315, 0.90685], "size": [1, 1, 1], "uv": [35, 6]},
						{"origin": [-4, 13.34315, -0.09315], "size": [1, 1, 1], "uv": [35, 6]},
						{"origin": [-4, 10.34315, -3.09315], "size": [1, 1, 1], "uv": [35, 6]},
						{"origin": [-4, 9.34315, -3.09315], "size": [1, 1, 1], "uv": [35, 6]},
						{"origin": [-4, 9.34315, -3.09315], "size": [1, 1, 1], "uv": [35, 6]},
						{"origin": [-4, 8.34315, -2.09315], "size": [1, 1, 1], "uv": [35, 6]},
						{"origin": [-4, 7.34315, -2.09315], "size": [1, 1, 1], "uv": [35, 6]},
						{"origin": [-4, 6.34315, -2.09315], "size": [1, 1, 1], "uv": [35, 6]},
						{"origin": [-4, 5.34315, -2.09315], "size": [1, 1, 1], "uv": [35, 6]},
						{"origin": [-4, 4.34315, -3.09315], "size": [1, 1, 1], "uv": [35, 6]},
						{"origin": [-4, 3.34315, -4.09315], "size": [1, 1, 1], "uv": [35, 6]},
						{"origin": [-4, 2.34315, -4.09315], "size": [1, 1, 1], "uv": [30, 6]},
						{"origin": [-4, 2.34315, -5.09315], "size": [1, 1, 1], "uv": [30, 6]},
						{"origin": [-4, 3.34315, -5.09315], "size": [1, 1, 1], "uv": [30, 6]},
						{"origin": [-4, 4.34315, -4.09315], "size": [1, 1, 1], "uv": [30, 6]},
						{"origin": [-4, 5.34315, -4.09315], "size": [1, 1, 1], "uv": [30, 6]},
						{"origin": [-4, 6.34315, -4.09315], "size": [1, 1, 1], "uv": [30, 6]},
						{"origin": [-4, 7.34315, -4.09315], "size": [1, 1, 1], "uv": [30, 6]},
						{"origin": [-4, 8.34315, -5.09315], "size": [1, 1, 1], "uv": [30, 6]},
						{"origin": [-4, 9.34315, -5.09315], "size": [1, 1, 1], "uv": [30, 6]},
						{"origin": [-4, 10.34315, -5.09315], "size": [1, 1, 1], "uv": [30, 6]},
						{"origin": [-4, 11.34315, -5.09315], "size": [1, 1, 1], "uv": [30, 6]},
						{"origin": [-4, 12.34315, -5.09315], "size": [1, 1, 1], "uv": [30, 6]},
						{"origin": [-4, 13.34315, -4.09315], "size": [1, 1, 1], "uv": [30, 6]},
						{"origin": [-4, 14.34315, -3.09315], "size": [1, 1, 1], "uv": [30, 6]},
						{"origin": [-4, 15.34315, -2.09315], "size": [1, 1, 1], "uv": [30, 6]},
						{"origin": [-4, 15.34315, -1.09315], "size": [1, 1, 1], "uv": [30, 6]},
						{"origin": [-4, 15.34315, -0.09315], "size": [1, 1, 1], "uv": [30, 6]},
						{"origin": [-4, 15.34315, 0.90685], "size": [1, 1, 1], "uv": [30, 6]},
						{"origin": [-4, 15.34315, 1.90685], "size": [1, 1, 1], "uv": [30, 6]},
						{"origin": [-4, 14.34315, 2.90685], "size": [1, 1, 1], "uv": [30, 6]},
						{"origin": [-4, 14.34315, 3.90685], "size": [1, 1, 1], "uv": [30, 6]},
						{"origin": [-4, 14.34315, 4.90685], "size": [1, 1, 1], "uv": [30, 6]},
						{"origin": [-4, 14.34315, 5.90685], "size": [1, 1, 1], "uv": [30, 6]},
						{"origin": [-4, 15.34315, 6.90685], "size": [1, 1, 1], "uv": [30, 6]},
						{"origin": [-4, 15.34315, 7.90685], "size": [1, 1, 1], "uv": [30, 6]},
						{"origin": [-4, 14.34315, 7.90685], "size": [1, 1, 1], "uv": [30, 6]},
						{"origin": [-4, 14.34315, 7.90685], "size": [1, 1, 1], "uv": [30, 6]},
						{"origin": [-4, 13.34315, 4.90685], "size": [1, 1, 1], "uv": [35, 3]},
						{"origin": [-4, 13.34315, 3.90685], "size": [1, 1, 1], "uv": [35, 3]},
						{"origin": [-4, 14.34315, 1.90685], "size": [1, 1, 1], "uv": [35, 3]},
						{"origin": [-4, 14.34315, 0.90685], "size": [1, 1, 1], "uv": [35, 3]},
						{"origin": [-4, 9.34315, -4.09315], "size": [1, 1, 1], "uv": [35, 3]},
						{"origin": [-4, 8.34315, -4.09315], "size": [1, 1, 1], "uv": [35, 3]},
						{"origin": [-4, 6.34315, -3.09315], "size": [1, 1, 1], "uv": [35, 3]},
						{"origin": [-4, 5.34315, -3.09315], "size": [1, 1, 1], "uv": [35, 3]},
						{"origin": [-4, 7.34315, -3.09315], "size": [1, 1, 1], "uv": [30, 3]},
						{"origin": [-4, 8.34315, -3.09315], "size": [1, 1, 1], "uv": [30, 3]},
						{"origin": [-4, 10.34315, -4.09315], "size": [1, 1, 1], "uv": [30, 3]},
						{"origin": [-4, 14.34315, -0.09315], "size": [1, 1, 1], "uv": [30, 3]},
						{"origin": [-4, 13.34315, 1.90685], "size": [1, 1, 1], "uv": [30, 3]},
						{"origin": [-4, 13.34315, 2.90685], "size": [1, 1, 1], "uv": [30, 3]},
						{"origin": [-4, 13.34315, -1.09315], "size": [1, 1, 1], "uv": [25, 3]},
						{"origin": [-4, 12.34315, -2.09315], "size": [1, 1, 1], "uv": [25, 3]},
						{"origin": [-4, 11.34315, -3.09315], "size": [1, 1, 1], "uv": [25, 3]},
						{"origin": [-4, 12.34315, -4.09315], "size": [1, 1, 1], "uv": [25, 3]},
						{"origin": [-4, 13.34315, -3.09315], "size": [1, 1, 1], "uv": [25, 3]},
						{"origin": [-4, 14.34315, -2.09315], "size": [1, 1, 1], "uv": [25, 3]},
						{"origin": [-4, 14.34315, -1.09315], "size": [1, 1, 1], "uv": [25, 0]},
						{"origin": [-4, 13.34315, -2.09315], "size": [1, 1, 1], "uv": [25, 0]},
						{"origin": [-4, 12.34315, -3.09315], "size": [1, 1, 1], "uv": [25, 0]},
						{"origin": [-4, 11.34315, -4.09315], "size": [1, 1, 1], "uv": [25, 0]}
					]
				},
				{
					"name": "leftLeg",
					"parent": "all",
					"pivot": [2, 15, 0],
					"cubes": [
						{"origin": [1, 0, -1], "size": [2, 16, 2], "uv": [9, 18], "mirror": true}
					]
				},
				{
					"name": "rightLeg",
					"parent": "all",
					"pivot": [-2, 15, 0],
					"cubes": [
						{"origin": [-3, 0, -1], "size": [2, 16, 2], "uv": [9, 18]}
					]
				}
			]
		}
	]
}