{
	"format_version": "1.12.0",
	"minecraft:geometry": [
		{
			"description": {
				"identifier": "geometry.purgeraux",
				"texture_width": 128,
				"texture_height": 64,
				"visible_bounds_width": 4,
				"visible_bounds_height": 5.5,
				"visible_bounds_offset": [0, 2.25, 0]
			},
			"bones": [
				{
					"name": "root",
					"pivot": [0, 0, 0]
				},
				{
					"name": "body",
					"parent": "root",
					"pivot": [0, 10, 0],
					"cubes": [
						{"origin": [-6, 20, -6], "size": [12, 12, 12], "uv": [80, 0]},
						{"origin": [-7, 10, -7], "size": [14, 10, 14], "uv": [72, 24]}
					]
				},
				{
					"name": "head",
					"parent": "body",
					"pivot": [0, 32, 0],
					"cubes": [
						{"origin": [-6, 32, -5], "size": [12, 26, 10], "uv": [0, 0]}
					]
				},
				{
					"name": "jawright",
					"parent": "head",
					"pivot": [-4, 42, -5.01],
					"cubes": [
						{"origin": [-4, 32, -5.01], "size": [3, 20, 0], "uv": [44, 0]}
					]
				},
				{
					"name": "jawleft",
					"parent": "head",
					"pivot": [5, 42, -5.01],
					"cubes": [
						{"origin": [1, 32, -5.01], "size": [4, 20, 0], "uv": [50, 0]}
					]
				},
				{
					"name": "rightarm",
					"parent": "body",
					"pivot": [-9.5, 28.5, 0],
					"cubes": [
						{"origin": [-13, 14, -5], "size": [7, 18, 10], "uv": [0, 36]}
					]
				},
				{
					"name": "leftarm",
					"parent": "body",
					"pivot": [9.5, 28.5, 0],
					"cubes": [
						{"origin": [6, 14, -5], "size": [7, 18, 10], "uv": [0, 36], "mirror": true}
					]
				},
				{
					"name": "rightleg",
					"parent": "root",
					"pivot": [-4.5, 10, 0],
					"cubes": [
						{"origin": [-8, 0, -5], "size": [7, 10, 10], "uv": [34, 44]}
					]
				},
				{
					"name": "leftleg",
					"parent": "root",
					"pivot": [4.5, 10, 0],
					"cubes": [
						{"origin": [1, 0, -5], "size": [7, 10, 10], "uv": [34, 44], "mirror": true}
					]
				}
			]
		}
	]
}